Item_Name,Item_Format,Item_Start_Date,Item_End_Date,Item_Alias,Item_Description,Code,Default_Code_Indicator,Code_Short_Description,Code_Long_Description,Code_Start_Date,Code_End_Date,Constraint_Indicator
Referral_To_Treatment_Period_Status,an2,01/04/2012,Null,Null,The status of an Activity (or anticipated Activity) for the Referral To Treatment Period decided by the lead Care Professional.,10,N,first Activity,first Activity - first Activity in a Referral To Treatment Period,01/01/2007,Null,N
Referral_To_Treatment_Period_Status,an2,01/04/2012,Null,Null,The status of an Activity (or anticipated Activity) for the Referral To Treatment Period decided by the lead Care Professional.,11,N,Active Monitoring end,Active Monitoring end - first Activity at the start of a new Referral To Treatment Period following Active Monitoring,01/01/2007,Null,N
Referral_To_Treatment_Period_Status,an2,01/04/2012,Null,Null,The status of an Activity (or anticipated Activity) for the Referral To Treatment Period decided by the lead Care Professional.,12,N,Consultant or NHS Allied Health Professional Service (Referral To Treatment Measurement) referral,Consultant or NHS Allied Health Professional Service (Referral To Treatment Measurement) referral - the first Activity at the start of a new Referral To Treatment Period following a decision to refer directly to the Consultant or NHS Allied Health Professional Service (Referral To Treatment Measurement) for a separate condition,01/01/2007,Null,N
Referral_To_Treatment_Period_Status,an2,01/04/2012,Null,Null,The status of an Activity (or anticipated Activity) for the Referral To Treatment Period decided by the lead Care Professional.,20,N,subsequent Activity during a Referral To Treatment Period,subsequent Activity during a Referral To Treatment Period - further Activities anticipated,01/01/2007,Null,N
Referral_To_Treatment_Period_Status,an2,01/04/2012,Null,Null,The status of an Activity (or anticipated Activity) for the Referral To Treatment Period decided by the lead Care Professional.,21,N,transfer to another Health Care Provider,transfer to another Health Care Provider - subsequent Activity by another Health Care Provider during a Referral To Treatment Period anticipated,01/01/2007,Null,N
Referral_To_Treatment_Period_Status,an2,01/04/2012,Null,Null,The status of an Activity (or anticipated Activity) for the Referral To Treatment Period decided by the lead Care Professional.,30,N,Start of First Definitive Treatment,Start of First Definitive Treatment,01/01/2007,Null,N
Referral_To_Treatment_Period_Status,an2,01/04/2012,Null,Null,The status of an Activity (or anticipated Activity) for the Referral To Treatment Period decided by the lead Care Professional.,31,N,start of Active Monitoring initiated by the Patient,start of Active Monitoring initiated by the Patient,01/01/2007,Null,N
Referral_To_Treatment_Period_Status,an2,01/04/2012,Null,Null,The status of an Activity (or anticipated Activity) for the Referral To Treatment Period decided by the lead Care Professional.,32,N,start of Active Monitoring initiated by the Care Professional,start of Active Monitoring initiated by the Care Professional,01/01/2007,Null,N
Referral_To_Treatment_Period_Status,an2,01/04/2012,Null,Null,The status of an Activity (or anticipated Activity) for the Referral To Treatment Period decided by the lead Care Professional.,33,N,Did not attend,Did not attend - the Patient did not attend the first Care Activity after the referral,01/01/2007,Null,Y
Referral_To_Treatment_Period_Status,an2,01/04/2012,Null,Null,The status of an Activity (or anticipated Activity) for the Referral To Treatment Period decided by the lead Care Professional.,34,N,decision not to treat,decision not to treat - decision not to treat made or no further contact required,01/01/2007,Null,Y
Referral_To_Treatment_Period_Status,an2,01/04/2012,Null,Null,The status of an Activity (or anticipated Activity) for the Referral To Treatment Period decided by the lead Care Professional.,35,N,Patient declined offered treatment,Patient declined offered treatment,01/01/2007,Null,N
Referral_To_Treatment_Period_Status,an2,01/04/2012,Null,Null,The status of an Activity (or anticipated Activity) for the Referral To Treatment Period decided by the lead Care Professional.,36,N,Patient died before treatment,Patient died before treatment,01/01/2007,Null,N
Referral_To_Treatment_Period_Status,an2,01/04/2012,Null,Null,The status of an Activity (or anticipated Activity) for the Referral To Treatment Period decided by the lead Care Professional.,90,N,after treatment,after treatment - First Definitive Treatment occurred previously (e.g. admitted as an emergency from A&E or the Activity is after the start of treatment),01/01/2007,Null,N
Referral_To_Treatment_Period_Status,an2,01/04/2012,Null,Null,The status of an Activity (or anticipated Activity) for the Referral To Treatment Period decided by the lead Care Professional.,91,N,Active Monitoring,Active Monitoring - Care Activity during Active Monitoring,01/01/2007,Null,N
Referral_To_Treatment_Period_Status,an2,01/04/2012,Null,Null,The status of an Activity (or anticipated Activity) for the Referral To Treatment Period decided by the lead Care Professional.,92,N,not yet referred,"not yet referred - not yet referred for treatment, undergoing diagnostic tests by General Practitioner before referral",01/01/2007,Null,N
Referral_To_Treatment_Period_Status,an2,01/04/2012,Null,Null,The status of an Activity (or anticipated Activity) for the Referral To Treatment Period decided by the lead Care Professional.,98,N,not applicable,not applicable - Activity not applicable to Referral To Treatment Periods,01/01/2007,Null,N
Referral_To_Treatment_Period_Status,an2,01/04/2012,Null,Null,The status of an Activity (or anticipated Activity) for the Referral To Treatment Period decided by the lead Care Professional.,99,N,not yet known,not yet known,01/01/2007,Null,N
Waiting_Time_Measurement_Type,an2,01/04/2012,Null,Null,The type of waiting time measurement methodology which may be applied during a Patient Pathway.,01,N,Referral To Treatment Period Included In Referral To Treatment Consultant-Led Waiting Times Measurement,Referral To Treatment Period Included In Referral To Treatment Consultant-Led Waiting Times Measurement,01/04/2012,Null,N
Waiting_Time_Measurement_Type,an2,01/04/2012,Null,Null,The type of waiting time measurement methodology which may be applied during a Patient Pathway.,02,N,Allied Health Professional Referral To Treatment Measurement,Allied Health Professional Referral To Treatment Measurement,01/04/2012,Null,N
Waiting_Time_Measurement_Type,an2,01/04/2012,Null,Null,The type of waiting time measurement methodology which may be applied during a Patient Pathway.,09,N,Other Referral To Treatment Measurement Type,Other Referral To Treatment Measurement Type,01/04/2012,Null,N
NHS_Number_Status_Indicator_Code,an2,01/04/2011,Null,Null,The status of the NHS number.,01,N,Number present and verified,Number present and verified,01/04/2011,Null,N
NHS_Number_Status_Indicator_Code,an2,01/04/2011,Null,Null,The status of the NHS number.,02,N,Number present but not traced,Number present but not traced,01/04/2011,Null,N
NHS_Number_Status_Indicator_Code,an2,01/04/2011,Null,Null,The status of the NHS number.,03,N,Trace required,Trace required,01/04/2011,Null,N
NHS_Number_Status_Indicator_Code,an2,01/04/2011,Null,Null,The status of the NHS number.,04,N,Trace attempted - No match or multiple match found,Trace attempted - No match or multiple match found,01/04/2011,Null,N
NHS_Number_Status_Indicator_Code,an2,01/04/2011,Null,Null,The status of the NHS number.,05,N,Trace needs to be resolved - (NHS Number or Patient detail conflict),Trace needs to be resolved - (NHS Number or Patient detail conflict),01/04/2011,Null,N
NHS_Number_Status_Indicator_Code,an2,01/04/2011,Null,Null,The status of the NHS number.,06,N,Trace in progress,Trace in progress,01/04/2011,Null,N
NHS_Number_Status_Indicator_Code,an2,01/04/2011,Null,Null,The status of the NHS number.,07,N,Number not present and trace not required,Number not present and trace not required,01/04/2011,Null,N
NHS_Number_Status_Indicator_Code,an2,01/04/2011,Null,Null,The status of the NHS number.,08,N,Trace postponed (baby under six weeks old),Trace postponed (baby under six weeks old),01/04/2011,Null,N
Withheld_Identity_Reason,an2,01/11/2012,Null,Null,The valid reason that the record has been purposely anonymised for a valid reason.,01,N,Record anonymised for legal/statutory reasons,Record anonymised for legal/statutory reasons,01/11/2012,Null,N
Withheld_Identity_Reason,an2,01/11/2012,Null,Null,The valid reason that the record has been purposely anonymised for a valid reason.,02,N,Record anonymised at request of Caldicott Guardian,Record anonymised at request of Caldicott Guardian,01/11/2012,Null,N
Withheld_Identity_Reason,an2,01/11/2012,Null,Null,The valid reason that the record has been purposely anonymised for a valid reason.,03,N,Record anonymised at request of Patient,Record anonymised at request of Patient,01/11/2012,Null,N
Withheld_Identity_Reason,an2,01/11/2012,Null,Null,The valid reason that the record has been purposely anonymised for a valid reason.,97,N,Record anonymised for other reason,Record anonymised for other reason,01/11/2012,Null,N
Withheld_Identity_Reason,an2,01/11/2012,Null,Null,The valid reason that the record has been purposely anonymised for a valid reason.,99,Y,Identity withheld but reason not known,Identity withheld but reason not known,01/11/2012,Null,N
Person_Gender_Code_Current,an1,01/04/2011,Null,Null,"Person Gender Code Current is a Person's gender currently. The classification is phenotypical rather than genotypical, i.e. it does not provide codes for medical or scientific purposes.",0,N,Not Known,Not Known,01/05/2005,Null,N
Person_Gender_Code_Current,an1,01/04/2011,Null,Null,"Person Gender Code Current is a Person's gender currently. The classification is phenotypical rather than genotypical, i.e. it does not provide codes for medical or scientific purposes.",1,N,Male,Male,01/05/2005,Null,N
Person_Gender_Code_Current,an1,01/04/2011,Null,Null,"Person Gender Code Current is a Person's gender currently. The classification is phenotypical rather than genotypical, i.e. it does not provide codes for medical or scientific purposes.",2,N,Female,Female,01/05/2005,Null,N
Person_Gender_Code_Current,an1,01/04/2011,Null,Null,"Person Gender Code Current is a Person's gender currently. The classification is phenotypical rather than genotypical, i.e. it does not provide codes for medical or scientific purposes.",9,N,Not Specified,Not Specified,01/05/2005,Null,N
Carer_Support_Indicator,an2,01/05/2005,Null,Null,An indication of whether Carer support is available to the Patient at their normal residence.,01,N,Yes,Yes,01/05/2005,Null,N
Carer_Support_Indicator,an2,01/05/2005,Null,Null,An indication of whether Carer support is available to the Patient at their normal residence.,02,N,No,No,01/05/2005,Null,N
Ethnic_Category,an2,01/05/2005,Null,Null,"The ethnicity of a Person, as specified by the Person. Ethnic Category is the classification used for the 2001 census.",A,N,British,British,01/05/2005,Null,N
Ethnic_Category,an2,01/05/2005,Null,Null,"The ethnicity of a Person, as specified by the Person. Ethnic Category is the classification used for the 2001 census.",B,N,Irish,Irish,01/05/2005,Null,N
Ethnic_Category,an2,01/05/2005,Null,Null,"The ethnicity of a Person, as specified by the Person. Ethnic Category is the classification used for the 2001 census.",C,N,Any other White background,Any other White background,01/05/2005,Null,N
Ethnic_Category,an2,01/05/2005,Null,Null,"The ethnicity of a Person, as specified by the Person. Ethnic Category is the classification used for the 2001 census.",D,N,White and Black Caribbean,White and Black Caribbean,01/05/2005,Null,N
Ethnic_Category,an2,01/05/2005,Null,Null,"The ethnicity of a Person, as specified by the Person. Ethnic Category is the classification used for the 2001 census.",E,N,White and Black African,White and Black African,01/05/2005,Null,N
Ethnic_Category,an2,01/05/2005,Null,Null,"The ethnicity of a Person, as specified by the Person. Ethnic Category is the classification used for the 2001 census.",F,N,White and Asian,White and Asian,01/05/2005,Null,N
Ethnic_Category,an2,01/05/2005,Null,Null,"The ethnicity of a Person, as specified by the Person. Ethnic Category is the classification used for the 2001 census.",G,N,Any other mixed background,Any other mixed background,01/05/2005,Null,N
Ethnic_Category,an2,01/05/2005,Null,Null,"The ethnicity of a Person, as specified by the Person. Ethnic Category is the classification used for the 2001 census.",H,N,Indian,Indian,01/05/2005,Null,N
Ethnic_Category,an2,01/05/2005,Null,Null,"The ethnicity of a Person, as specified by the Person. Ethnic Category is the classification used for the 2001 census.",J,N,Pakistani,Pakistani,01/05/2005,Null,N
Ethnic_Category,an2,01/05/2005,Null,Null,"The ethnicity of a Person, as specified by the Person. Ethnic Category is the classification used for the 2001 census.",K,N,Bangladeshi,Bangladeshi,01/05/2005,Null,N
Ethnic_Category,an2,01/05/2005,Null,Null,"The ethnicity of a Person, as specified by the Person. Ethnic Category is the classification used for the 2001 census.",L,N,Any other Asian background,Any other Asian background,01/05/2005,Null,N
Ethnic_Category,an2,01/05/2005,Null,Null,"The ethnicity of a Person, as specified by the Person. Ethnic Category is the classification used for the 2001 census.",M,N,Caribbean,Caribbean,01/05/2005,Null,N
Ethnic_Category,an2,01/05/2005,Null,Null,"The ethnicity of a Person, as specified by the Person. Ethnic Category is the classification used for the 2001 census.",N,N,African,African,01/05/2005,Null,N
Ethnic_Category,an2,01/05/2005,Null,Null,"The ethnicity of a Person, as specified by the Person. Ethnic Category is the classification used for the 2001 census.",P,N,Any other Black background,Any other Black background,01/05/2005,Null,N
Ethnic_Category,an2,01/05/2005,Null,Null,"The ethnicity of a Person, as specified by the Person. Ethnic Category is the classification used for the 2001 census.",R,N,Chinese,Chinese,01/05/2005,Null,N
Ethnic_Category,an2,01/05/2005,Null,Null,"The ethnicity of a Person, as specified by the Person. Ethnic Category is the classification used for the 2001 census.",S,N,Any other ethnic group,Any other ethnic group,01/05/2005,Null,N
Ethnic_Category,an2,01/05/2005,Null,Null,"The ethnicity of a Person, as specified by the Person. Ethnic Category is the classification used for the 2001 census.",Z,N,Not stated,Not stated,01/05/2005,Null,Y
Ethnic_Category,an2,01/05/2005,Null,Null,"The ethnicity of a Person, as specified by the Person. Ethnic Category is the classification used for the 2001 census.",99,Y,Not known,Not known,01/05/2005,Null,N
Consultant_Code,an8,01/05/2005,Null,Null,A code uniquely identifying a Consultant.,C9999998,Y,"Consultant, General Medical Council Reference Number not known","Consultant, General Medical Council Reference Number not known",01/05/2005,Null,N
Consultant_Code,an8,01/05/2005,Null,Null,A code uniquely identifying a Consultant.,CD999998,Y,Dental Consultant: General Medical Council Reference Number / General Dental Council Registration Number not known,Dental Consultant: General Medical Council Reference Number / General Dental Council Registration Number not known,01/05/2007,Null,N
Consultant_Code,an8,01/05/2005,Null,Null,A code uniquely identifying a Consultant.,D9999998,Y,"Dentist, General Dental Practitioner Code not known","Dentist, General Dental Practitioner Code not known",01/05/2005,Null,N
Consultant_Code,an8,01/05/2005,Null,Null,A code uniquely identifying a Consultant.,M9999998,Y,Midwife,Midwife,01/05/2005,Null,N
Consultant_Code,an8,01/05/2005,Null,Null,A code uniquely identifying a Consultant.,N9999998,Y,Nurse,Nurse,01/05/2005,Null,N
Consultant_Code,an8,01/05/2005,Null,Null,A code uniquely identifying a Consultant.,H9999998,Y,Other health Care Professional,Other health Care Professional,01/04/2006,Null,N
Care_Professional_Main_Specialty_Code,an3,01/04/2012,Null,Null,A unique code identifying each Main Specialty designated by Royal Colleges,100,N,General Surgery,General Surgery,01/05/2005,Null,N
Care_Professional_Main_Specialty_Code,an3,01/04/2012,Null,Null,A unique code identifying each Main Specialty designated by Royal Colleges,101,N,Urology,Urology,01/05/2005,Null,N
Care_Professional_Main_Specialty_Code,an3,01/04/2012,Null,Null,A unique code identifying each Main Specialty designated by Royal Colleges,110,N,Trauma & Orthopaedics,Trauma & Orthopaedics,01/05/2005,Null,N
Care_Professional_Main_Specialty_Code,an3,01/04/2012,Null,Null,A unique code identifying each Main Specialty designated by Royal Colleges,120,N,ENT,ENT,01/05/2005,Null,N
Care_Professional_Main_Specialty_Code,an3,01/04/2012,Null,Null,A unique code identifying each Main Specialty designated by Royal Colleges,130,N,Ophthalmology,Ophthalmology,01/05/2005,Null,N
Care_Professional_Main_Specialty_Code,an3,01/04/2012,Null,Null,A unique code identifying each Main Specialty designated by Royal Colleges,140,N,Oral Surgery,Oral Surgery,01/05/2005,Null,N
Care_Professional_Main_Specialty_Code,an3,01/04/2012,Null,Null,A unique code identifying each Main Specialty designated by Royal Colleges,141,N,Restorative Dentistry,Restorative Dentistry,01/05/2005,Null,N
Care_Professional_Main_Specialty_Code,an3,01/04/2012,Null,Null,A unique code identifying each Main Specialty designated by Royal Colleges,142,N,Paediatric Dentistry,Paediatric Dentistry,01/05/2005,Null,N
Care_Professional_Main_Specialty_Code,an3,01/04/2012,Null,Null,A unique code identifying each Main Specialty designated by Royal Colleges,143,N,Orthodontics,Orthodontics,01/05/2005,Null,N
Care_Professional_Main_Specialty_Code,an3,01/04/2012,Null,Null,A unique code identifying each Main Specialty designated by Royal Colleges,145,N,Oral & Maxillo Facial Surgery,Oral & Maxillo Facial Surgery,01/05/2005,Null,N
Care_Professional_Main_Specialty_Code,an3,01/04/2012,Null,Null,A unique code identifying each Main Specialty designated by Royal Colleges,146,N,Endodontics,Endodontics,01/05/2005,Null,N
Care_Professional_Main_Specialty_Code,an3,01/04/2012,Null,Null,A unique code identifying each Main Specialty designated by Royal Colleges,147,N,Periodontics,Periodontics,01/05/2005,Null,N
Care_Professional_Main_Specialty_Code,an3,01/04/2012,Null,Null,A unique code identifying each Main Specialty designated by Royal Colleges,148,N,Prosthodontics,Prosthodontics,01/05/2005,Null,N
Care_Professional_Main_Specialty_Code,an3,01/04/2012,Null,Null,A unique code identifying each Main Specialty designated by Royal Colleges,149,N,Surgical Dentistry,Surgical Dentistry,01/05/2005,Null,N
Care_Professional_Main_Specialty_Code,an3,01/04/2012,Null,Null,A unique code identifying each Main Specialty designated by Royal Colleges,150,N,Neurosurgery,Neurosurgery,01/05/2005,Null,N
Care_Professional_Main_Specialty_Code,an3,01/04/2012,Null,Null,A unique code identifying each Main Specialty designated by Royal Colleges,160,N,Plastic Surgery,Plastic Surgery,01/05/2005,Null,N
Care_Professional_Main_Specialty_Code,an3,01/04/2012,Null,Null,A unique code identifying each Main Specialty designated by Royal Colleges,170,N,Cardiothoracic Surgery,Cardiothoracic Surgery,01/05/2005,Null,N
Care_Professional_Main_Specialty_Code,an3,01/04/2012,Null,Null,A unique code identifying each Main Specialty designated by Royal Colleges,171,N,Paediatric Surgery,Paediatric Surgery,01/05/2005,Null,N
Care_Professional_Main_Specialty_Code,an3,01/04/2012,Null,Null,A unique code identifying each Main Specialty designated by Royal Colleges,180,N,Accident & Emergency,Accident & Emergency,01/05/2005,Null,N
Care_Professional_Main_Specialty_Code,an3,01/04/2012,Null,Null,A unique code identifying each Main Specialty designated by Royal Colleges,191 ,N,Pain Management,Pain Management,01/04/2001,01/04/2004,N
Care_Professional_Main_Specialty_Code,an3,01/04/2012,Null,Null,A unique code identifying each Main Specialty designated by Royal Colleges,190,N,Anaesthetics,Anaesthetics,01/05/2005,Null,N
Care_Professional_Main_Specialty_Code,an3,01/04/2012,Null,Null,A unique code identifying each Main Specialty designated by Royal Colleges,192,N,Critical Care Medicine,Critical Care Medicine,01/05/2005,Null,N
Care_Professional_Main_Specialty_Code,an3,01/04/2012,Null,Null,A unique code identifying each Main Specialty designated by Royal Colleges,300,N,General Medicine,General Medicine,01/05/2005,Null,N
Care_Professional_Main_Specialty_Code,an3,01/04/2012,Null,Null,A unique code identifying each Main Specialty designated by Royal Colleges,301,N,Gastroenterology,Gastroenterology,01/05/2005,Null,N
Care_Professional_Main_Specialty_Code,an3,01/04/2012,Null,Null,A unique code identifying each Main Specialty designated by Royal Colleges,302,N,Endocrinology,Endocrinology,01/05/2005,Null,N
Care_Professional_Main_Specialty_Code,an3,01/04/2012,Null,Null,A unique code identifying each Main Specialty designated by Royal Colleges,303,N,Clinical Haematology,Clinical Haematology,01/05/2005,Null,N
Care_Professional_Main_Specialty_Code,an3,01/04/2012,Null,Null,A unique code identifying each Main Specialty designated by Royal Colleges,304,N,Clinical Physiology,Clinical Physiology,01/05/2005,Null,N
Care_Professional_Main_Specialty_Code,an3,01/04/2012,Null,Null,A unique code identifying each Main Specialty designated by Royal Colleges,305,N,Clinical Pharmacology,Clinical Pharmacology,01/05/2005,Null,N
Care_Professional_Main_Specialty_Code,an3,01/04/2012,Null,Null,A unique code identifying each Main Specialty designated by Royal Colleges,310,N,Audiological Medicine,Audiological Medicine,01/05/2005,Null,N
Care_Professional_Main_Specialty_Code,an3,01/04/2012,Null,Null,A unique code identifying each Main Specialty designated by Royal Colleges,311,N,Clinical Genetics,Clinical Genetics,01/05/2005,Null,Y
Care_Professional_Main_Specialty_Code,an3,01/04/2012,Null,Null,A unique code identifying each Main Specialty designated by Royal Colleges,312 ,N,Clinical Cytogenetics and Molecular Genetics,Clinical Cytogenetics and Molecular Genetics,01/05/2005,01/04/2010,N
Care_Professional_Main_Specialty_Code,an3,01/04/2012,Null,Null,A unique code identifying each Main Specialty designated by Royal Colleges,313,N,Clinical Immunology and Allergy,Clinical Immunology and Allergy,01/05/2005,Null,N
Care_Professional_Main_Specialty_Code,an3,01/04/2012,Null,Null,A unique code identifying each Main Specialty designated by Royal Colleges,314,N,Rehabilitation,Rehabilitation,01/05/2005,Null,N
Care_Professional_Main_Specialty_Code,an3,01/04/2012,Null,Null,A unique code identifying each Main Specialty designated by Royal Colleges,315,N,Palliative Medicine,Palliative Medicine,01/05/2005,Null,N
Care_Professional_Main_Specialty_Code,an3,01/04/2012,Null,Null,A unique code identifying each Main Specialty designated by Royal Colleges,320,N,Cardiology,Cardiology,01/05/2005,Null,N
Care_Professional_Main_Specialty_Code,an3,01/04/2012,Null,Null,A unique code identifying each Main Specialty designated by Royal Colleges,321,N,Paediatric Cardiology,Paediatric Cardiology,01/05/2005,Null,N
Care_Professional_Main_Specialty_Code,an3,01/04/2012,Null,Null,A unique code identifying each Main Specialty designated by Royal Colleges,325,N,Sport and Exercise Medicine,Sport and Exercise Medicine,01/04/2010,Null,N
Care_Professional_Main_Specialty_Code,an3,01/04/2012,Null,Null,A unique code identifying each Main Specialty designated by Royal Colleges,326,N,Acute Internal Medicine,Acute Internal Medicine,01/04/2010,Null,N
Care_Professional_Main_Specialty_Code,an3,01/04/2012,Null,Null,A unique code identifying each Main Specialty designated by Royal Colleges,330,N,Dermatology,Dermatology,01/05/2005,Null,N
Care_Professional_Main_Specialty_Code,an3,01/04/2012,Null,Null,A unique code identifying each Main Specialty designated by Royal Colleges,340,N,Respiratory Medicine (also known as Thoracic Medicine),Respiratory Medicine (also known as Thoracic Medicine),01/05/2005,Null,N
Care_Professional_Main_Specialty_Code,an3,01/04/2012,Null,Null,A unique code identifying each Main Specialty designated by Royal Colleges,350,N,Infectious Diseases,Infectious Diseases,01/05/2005,Null,N
Care_Professional_Main_Specialty_Code,an3,01/04/2012,Null,Null,A unique code identifying each Main Specialty designated by Royal Colleges,352,N,Tropical Medicine,Tropical Medicine,01/05/2005,Null,N
Care_Professional_Main_Specialty_Code,an3,01/04/2012,Null,Null,A unique code identifying each Main Specialty designated by Royal Colleges,360,N,Genitourinary Medicine,Genitourinary Medicine,01/05/2005,Null,N
Care_Professional_Main_Specialty_Code,an3,01/04/2012,Null,Null,A unique code identifying each Main Specialty designated by Royal Colleges,361,N,Nephrology,Nephrology,01/05/2005,Null,N
Care_Professional_Main_Specialty_Code,an3,01/04/2012,Null,Null,A unique code identifying each Main Specialty designated by Royal Colleges,370,N,Medical Oncology,Medical Oncology,01/05/2005,Null,N
Care_Professional_Main_Specialty_Code,an3,01/04/2012,Null,Null,A unique code identifying each Main Specialty designated by Royal Colleges,371,N,Nuclear Medicine,Nuclear Medicine,01/05/2005,Null,N
Care_Professional_Main_Specialty_Code,an3,01/04/2012,Null,Null,A unique code identifying each Main Specialty designated by Royal Colleges,400,N,Neurology,Neurology,01/05/2005,Null,N
Care_Professional_Main_Specialty_Code,an3,01/04/2012,Null,Null,A unique code identifying each Main Specialty designated by Royal Colleges,401,N,Clinical Neuro-Physiology,Clinical Neuro-Physiology,01/05/2005,Null,N
Care_Professional_Main_Specialty_Code,an3,01/04/2012,Null,Null,A unique code identifying each Main Specialty designated by Royal Colleges,410,N,Rheumatology,Rheumatology,01/05/2005,Null,N
Care_Professional_Main_Specialty_Code,an3,01/04/2012,Null,Null,A unique code identifying each Main Specialty designated by Royal Colleges,420,N,Paediatrics,Paediatrics,01/05/2005,Null,N
Care_Professional_Main_Specialty_Code,an3,01/04/2012,Null,Null,A unique code identifying each Main Specialty designated by Royal Colleges,421,N,Paediatric Neurology,Paediatric Neurology,01/05/2005,Null,N
Care_Professional_Main_Specialty_Code,an3,01/04/2012,Null,Null,A unique code identifying each Main Specialty designated by Royal Colleges,430,N,Geriatric Medicine,Geriatric Medicine,01/05/2005,Null,N
Care_Professional_Main_Specialty_Code,an3,01/04/2012,Null,Null,A unique code identifying each Main Specialty designated by Royal Colleges,450,N,Dental Medicine Specialties,Dental Medicine Specialties,01/05/2005,Null,N
Care_Professional_Main_Specialty_Code,an3,01/04/2012,Null,Null,A unique code identifying each Main Specialty designated by Royal Colleges,451,N,Special Care Dentistry,Special Care Dentistry,01/04/2010,Null,N
Care_Professional_Main_Specialty_Code,an3,01/04/2012,Null,Null,A unique code identifying each Main Specialty designated by Royal Colleges,460,N,Medical Ophthalmology,Medical Ophthalmology,01/05/2005,Null,N
Care_Professional_Main_Specialty_Code,an3,01/04/2012,Null,Null,A unique code identifying each Main Specialty designated by Royal Colleges,500,N,Obstetrics and Gynaecology,Obstetrics and Gynaecology,01/05/2005,Null,Y
Care_Professional_Main_Specialty_Code,an3,01/04/2012,Null,Null,A unique code identifying each Main Specialty designated by Royal Colleges,501,N,Obstetrics,Obstetrics,01/05/2005,Null,N
Care_Professional_Main_Specialty_Code,an3,01/04/2012,Null,Null,A unique code identifying each Main Specialty designated by Royal Colleges,502,N,Gynaecology,Gynaecology,01/05/2005,Null,N
Care_Professional_Main_Specialty_Code,an3,01/04/2012,Null,Null,A unique code identifying each Main Specialty designated by Royal Colleges,504,N,Community Sexual and Reproductive Health,Community Sexual and Reproductive Health,01/04/2010,Null,N
Care_Professional_Main_Specialty_Code,an3,01/04/2012,Null,Null,A unique code identifying each Main Specialty designated by Royal Colleges,510 ,N,Antenatal Clinic,Antenatal Clinic,01/04/2001,01/04/2004,N
Care_Professional_Main_Specialty_Code,an3,01/04/2012,Null,Null,A unique code identifying each Main Specialty designated by Royal Colleges,520 ,N,Postnatal Clinic,Postnatal Clinic,01/04/2001,01/04/2004,N
Care_Professional_Main_Specialty_Code,an3,01/04/2012,Null,Null,A unique code identifying each Main Specialty designated by Royal Colleges,560,N,Midwife Episode,Midwife Episode,01/05/2005,Null,N
Care_Professional_Main_Specialty_Code,an3,01/04/2012,Null,Null,A unique code identifying each Main Specialty designated by Royal Colleges,600,N,General Medical Practice,General Medical Practice,01/05/2005,Null,N
Care_Professional_Main_Specialty_Code,an3,01/04/2012,Null,Null,A unique code identifying each Main Specialty designated by Royal Colleges,601,N,General Dental Practice,General Dental Practice,01/05/2005,Null,N
Care_Professional_Main_Specialty_Code,an3,01/04/2012,Null,Null,A unique code identifying each Main Specialty designated by Royal Colleges,610 ,N,Maternity Function,Maternity Function,01/04/2001,01/04/2004,N
Care_Professional_Main_Specialty_Code,an3,01/04/2012,Null,Null,A unique code identifying each Main Specialty designated by Royal Colleges,620 ,N,Other Than Maternity,Other Than Maternity,01/04/2001,01/04/2004,N
Care_Professional_Main_Specialty_Code,an3,01/04/2012,Null,Null,A unique code identifying each Main Specialty designated by Royal Colleges,700,N,Learning Disability,Learning Disability,01/05/2005,Null,N
Care_Professional_Main_Specialty_Code,an3,01/04/2012,Null,Null,A unique code identifying each Main Specialty designated by Royal Colleges,710,N,Adult Mental Illness,Adult Mental Illness,01/05/2005,Null,N
Care_Professional_Main_Specialty_Code,an3,01/04/2012,Null,Null,A unique code identifying each Main Specialty designated by Royal Colleges,711,N,Child and Adolescent Psychiatry,Child and Adolescent Psychiatry,01/05/2005,Null,N
Care_Professional_Main_Specialty_Code,an3,01/04/2012,Null,Null,A unique code identifying each Main Specialty designated by Royal Colleges,712,N,Forensic Psychiatry,Forensic Psychiatry,01/05/2005,Null,N
Care_Professional_Main_Specialty_Code,an3,01/04/2012,Null,Null,A unique code identifying each Main Specialty designated by Royal Colleges,713,N,Psychotherapy,Psychotherapy,01/05/2005,Null,N
Care_Professional_Main_Specialty_Code,an3,01/04/2012,Null,Null,A unique code identifying each Main Specialty designated by Royal Colleges,715,N,Old Age Psychiatry,Old Age Psychiatry,01/05/2005,Null,N
Care_Professional_Main_Specialty_Code,an3,01/04/2012,Null,Null,A unique code identifying each Main Specialty designated by Royal Colleges,800,N,Clinical Oncology (Previously Radiotherapy),Clinical Oncology (Previously Radiotherapy),01/05/2005,Null,N
Care_Professional_Main_Specialty_Code,an3,01/04/2012,Null,Null,A unique code identifying each Main Specialty designated by Royal Colleges,810,N,Radiology,Radiology,01/05/2005,Null,N
Care_Professional_Main_Specialty_Code,an3,01/04/2012,Null,Null,A unique code identifying each Main Specialty designated by Royal Colleges,820,N,General Pathology,General Pathology,01/05/2005,Null,N
Care_Professional_Main_Specialty_Code,an3,01/04/2012,Null,Null,A unique code identifying each Main Specialty designated by Royal Colleges,821,N,Blood Transfusion,Blood Transfusion,01/05/2005,Null,N
Care_Professional_Main_Specialty_Code,an3,01/04/2012,Null,Null,A unique code identifying each Main Specialty designated by Royal Colleges,822,N,Chemical Pathology,Chemical Pathology,01/05/2005,Null,N
Care_Professional_Main_Specialty_Code,an3,01/04/2012,Null,Null,A unique code identifying each Main Specialty designated by Royal Colleges,823,N,Haematology,Haematology,01/05/2005,Null,N
Care_Professional_Main_Specialty_Code,an3,01/04/2012,Null,Null,A unique code identifying each Main Specialty designated by Royal Colleges,824,N,Histopathology,Histopathology,01/05/2005,Null,N
Care_Professional_Main_Specialty_Code,an3,01/04/2012,Null,Null,A unique code identifying each Main Specialty designated by Royal Colleges,830,N,Immunopathology,Immunopathology,01/05/2005,Null,N
Care_Professional_Main_Specialty_Code,an3,01/04/2012,Null,Null,A unique code identifying each Main Specialty designated by Royal Colleges,831,N,Medical Microbiology and Virology,Medical Microbiology and Virology,01/05/2005,Null,N
Care_Professional_Main_Specialty_Code,an3,01/04/2012,Null,Null,A unique code identifying each Main Specialty designated by Royal Colleges,832 ,N,Neuropathology,Neuropathology,01/04/2001,01/04/2004,N
Care_Professional_Main_Specialty_Code,an3,01/04/2012,Null,Null,A unique code identifying each Main Specialty designated by Royal Colleges,833,N,Medical Microbiology (also known as Microbiology and Bacteriology),Medical Microbiology (also known as Microbiology and Bacteriology),01/04/2010,Null,N
Care_Professional_Main_Specialty_Code,an3,01/04/2012,Null,Null,A unique code identifying each Main Specialty designated by Royal Colleges,834,N,Medical Virology,Medical Virology,01/04/2010,Null,N
Care_Professional_Main_Specialty_Code,an3,01/04/2012,Null,Null,A unique code identifying each Main Specialty designated by Royal Colleges,900,N,Community Medicine,Community Medicine,01/05/2005,Null,N
Care_Professional_Main_Specialty_Code,an3,01/04/2012,Null,Null,A unique code identifying each Main Specialty designated by Royal Colleges,901,N,Occupational Medicine,Occupational Medicine,01/05/2005,Null,N
Care_Professional_Main_Specialty_Code,an3,01/04/2012,Null,Null,A unique code identifying each Main Specialty designated by Royal Colleges,902,N,Community Health Services Dental,Community Health Services Dental,01/05/2005,Null,N
Care_Professional_Main_Specialty_Code,an3,01/04/2012,Null,Null,A unique code identifying each Main Specialty designated by Royal Colleges,903,N,Public Health Medicine,Public Health Medicine,01/05/2005,Null,N
Care_Professional_Main_Specialty_Code,an3,01/04/2012,Null,Null,A unique code identifying each Main Specialty designated by Royal Colleges,904,N,Public Health Dental,Public Health Dental,01/05/2005,Null,N
Care_Professional_Main_Specialty_Code,an3,01/04/2012,Null,Null,A unique code identifying each Main Specialty designated by Royal Colleges,950,N,Nursing Episode,Nursing Episode,01/05/2005,Null,N
Care_Professional_Main_Specialty_Code,an3,01/04/2012,Null,Null,A unique code identifying each Main Specialty designated by Royal Colleges,960,N,Allied Health Professional Episode,Allied Health Professional Episode,01/04/2006,Null,N
Care_Professional_Main_Specialty_Code,an3,01/04/2012,Null,Null,A unique code identifying each Main Specialty designated by Royal Colleges,990 ,N,Joint Consultant Clinics,Joint Consultant Clinics,01/04/2001,01/04/2004,N
Care_Professional_Main_Specialty_Code,an3,01/04/2012,Null,Null,A unique code identifying each Main Specialty designated by Royal Colleges,199,Y,"Non-UK provider; specialty function not known, treatment mainly surgical","Non-UK provider; specialty function not known, treatment mainly surgical",01/04/2001,Null,Y
Care_Professional_Main_Specialty_Code,an3,01/04/2012,Null,Null,A unique code identifying each Main Specialty designated by Royal Colleges,499,Y,"Non-UK provider; specialty function not known, treatment mainly medical","Non-UK provider; specialty function not known, treatment mainly medical",01/04/2001,Null,Y
Activity_Treatment_Function_Code,an3,01/11/2012,Null,Null,Treatment Function Code is a unique identifier for a Treatment Function. Treatment Function Code is recorded to report the specialised service within which the Patient is treated.,100,N,General Surgery,General Surgery: Includes sub-categories not elsewhere listed e.g. endocrine surgery,01/05/2005,Null,N
Activity_Treatment_Function_Code,an3,01/11/2012,Null,Null,Treatment Function Code is a unique identifier for a Treatment Function. Treatment Function Code is recorded to report the specialised service within which the Patient is treated.,101,N,Urology,Urology: Surgical treatment of disorders of the urinary system and male reproductive system,01/05/2005,Null,N
Activity_Treatment_Function_Code,an3,01/11/2012,Null,Null,Treatment Function Code is a unique identifier for a Treatment Function. Treatment Function Code is recorded to report the specialised service within which the Patient is treated.,102,N,Transplantation Surgery,Transplantation Surgery: Includes pre- and post-operative Care for major organ transplants except heart and lung (see Cardiothoracic Transplantation). Excludes corneal grafts,01/05/2005,Null,N
Activity_Treatment_Function_Code,an3,01/11/2012,Null,Null,Treatment Function Code is a unique identifier for a Treatment Function. Treatment Function Code is recorded to report the specialised service within which the Patient is treated.,103,N,Breast Surgery,"Breast Surgery: Includes treatment for cancer, suspected neoplasms, cysts and post-cancer reconstructive surgery. Excludes cosmetic surgery",01/05/2005,Null,N
Activity_Treatment_Function_Code,an3,01/11/2012,Null,Null,Treatment Function Code is a unique identifier for a Treatment Function. Treatment Function Code is recorded to report the specialised service within which the Patient is treated.,104,N,Colorectal Surgery,"Colorectal Surgery: Surgical treatment of disorders of the lower intestine (colon, anus and rectum)",01/05/2005,Null,N
Activity_Treatment_Function_Code,an3,01/11/2012,Null,Null,Treatment Function Code is a unique identifier for a Treatment Function. Treatment Function Code is recorded to report the specialised service within which the Patient is treated.,105,N,Hepatobiliary & Pancreatic Surgery,"Hepatobiliary & Pancreatic Surgery: Includes liver surgery, but liver transplantation should be recorded in 102 Transplantation Surgery",01/05/2005,Null,N
Activity_Treatment_Function_Code,an3,01/11/2012,Null,Null,Treatment Function Code is a unique identifier for a Treatment Function. Treatment Function Code is recorded to report the specialised service within which the Patient is treated.,106,N,Upper Gastrointestinal Surgery,Upper Gastrointestinal Surgery: Surgical treatment of disorders of the upper parts of the gastrointestinal tract,01/05/2005,Null,N
Activity_Treatment_Function_Code,an3,01/11/2012,Null,Null,Treatment Function Code is a unique identifier for a Treatment Function. Treatment Function Code is recorded to report the specialised service within which the Patient is treated.,107,N,Vascular Surgery,Vascular Surgery: Surgical treatment of diseases of the vascular system,01/05/2005,Null,N
Activity_Treatment_Function_Code,an3,01/11/2012,Null,Null,Treatment Function Code is a unique identifier for a Treatment Function. Treatment Function Code is recorded to report the specialised service within which the Patient is treated.,108,N,Spinal Surgery Service,Spinal Surgery Service: Surgery concentrating on specialised and complex treatment of the back and spine. The Service has a significantly different composition and profile from the Service provided in Treatment Function Code - 110 Trauma & Orthopaedic. Excludes Spinal Injuries - see Treatment Function Code 323,01/11/2012,Null,Y
Activity_Treatment_Function_Code,an3,01/11/2012,Null,Null,Treatment Function Code is a unique identifier for a Treatment Function. Treatment Function Code is recorded to report the specialised service within which the Patient is treated.,110,N,Trauma & Orthopaedics,"Trauma & Orthopaedics: Surgery to treat injuries, congenital and acquired disorders of the bones, joints, and their associated soft tissues, including ligaments, nerves and muscles. Excludes Spinal Surgery Service - see Treatment Function Code 108",01/05/2005,Null,N
Activity_Treatment_Function_Code,an3,01/11/2012,Null,Null,Treatment Function Code is a unique identifier for a Treatment Function. Treatment Function Code is recorded to report the specialised service within which the Patient is treated.,120,N,ENT,"ENT: Ear, nose and throat",01/05/2005,Null,N
Activity_Treatment_Function_Code,an3,01/11/2012,Null,Null,Treatment Function Code is a unique identifier for a Treatment Function. Treatment Function Code is recorded to report the specialised service within which the Patient is treated.,130,N,Ophthalmology,Ophthalmology: The surgical treatment of disorders and diseases of the eye. Excludes Medical Ophthalmology - see Treatment Function Code 460,01/05/2005,Null,N
Activity_Treatment_Function_Code,an3,01/11/2012,Null,Null,Treatment Function Code is a unique identifier for a Treatment Function. Treatment Function Code is recorded to report the specialised service within which the Patient is treated.,140,N,Oral Surgery,"Oral Surgery: The diagnosis and surgical treatment of diseases, injuries and defects involving both the functional and aesthetic aspects of the hard and soft tissues of the head, mouth, teeth, gums, jaws and neck",01/05/2005,Null,N
Activity_Treatment_Function_Code,an3,01/11/2012,Null,Null,Treatment Function Code is a unique identifier for a Treatment Function. Treatment Function Code is recorded to report the specialised service within which the Patient is treated.,141,N,Restorative Dentistry,"Restorative Dentistry: Endodontics, Periodontics and Prosthodontics are all part of Restorative Dentistry",01/05/2005,Null,N
Activity_Treatment_Function_Code,an3,01/11/2012,Null,Null,Treatment Function Code is a unique identifier for a Treatment Function. Treatment Function Code is recorded to report the specialised service within which the Patient is treated.,142,N,Paediatric Dentistry,Paediatric Dentistry: Dentistry Services dedicated to children with appropriate facilities and support staff,01/05/2005,Null,N
Activity_Treatment_Function_Code,an3,01/11/2012,Null,Null,Treatment Function Code is a unique identifier for a Treatment Function. Treatment Function Code is recorded to report the specialised service within which the Patient is treated.,143,N,Orthodontics,"Orthodontics: The treatment of malocclusions (improper bites). Orthodontic treatment can focus on dental displacement only, or can deal with the control and modification of facial growth",01/05/2005,Null,N
Activity_Treatment_Function_Code,an3,01/11/2012,Null,Null,Treatment Function Code is a unique identifier for a Treatment Function. Treatment Function Code is recorded to report the specialised service within which the Patient is treated.,144,N,Maxillo-Facial Surgery,"Maxillo-Facial Surgery: Mouth, jaw and face related surgery",01/05/2005,Null,N
Activity_Treatment_Function_Code,an3,01/11/2012,Null,Null,Treatment Function Code is a unique identifier for a Treatment Function. Treatment Function Code is recorded to report the specialised service within which the Patient is treated.,150,N,Neurosurgery,"Neurosurgery: The prevention, diagnosis, treatment, and rehabilitation of disorders which affect any portion of the nervous system including the brain, spinal cord, peripheral nerves, and extra-cranial cerebrovascular system",01/05/2005,Null,N
Activity_Treatment_Function_Code,an3,01/11/2012,Null,Null,Treatment Function Code is a unique identifier for a Treatment Function. Treatment Function Code is recorded to report the specialised service within which the Patient is treated.,160,N,Plastic Surgery,"Plastic Surgery: Services to correct or restore form and function. In addition to cosmetic or aesthetic surgery, plastic surgery includes many types of reconstructive surgery, and the treatment of burns",01/05/2005,Null,N
Activity_Treatment_Function_Code,an3,01/11/2012,Null,Null,Treatment Function Code is a unique identifier for a Treatment Function. Treatment Function Code is recorded to report the specialised service within which the Patient is treated.,161,N,Burns Care,Burns Care: To be used by recognised specialist units and associated outreach Services only,01/05/2005,Null,N
Activity_Treatment_Function_Code,an3,01/11/2012,Null,Null,Treatment Function Code is a unique identifier for a Treatment Function. Treatment Function Code is recorded to report the specialised service within which the Patient is treated.,170,N,Cardiothoracic Surgery,Cardiothoracic Surgery: Should only be used where there are no separate Services for Cardiac Surgery and Thoracic Surgery,01/05/2005,Null,N
Activity_Treatment_Function_Code,an3,01/11/2012,Null,Null,Treatment Function Code is a unique identifier for a Treatment Function. Treatment Function Code is recorded to report the specialised service within which the Patient is treated.,171,N,Paediatric Surgery,Paediatric Surgery: This is paediatric general surgery,01/05/2005,Null,N
Activity_Treatment_Function_Code,an3,01/11/2012,Null,Null,Treatment Function Code is a unique identifier for a Treatment Function. Treatment Function Code is recorded to report the specialised service within which the Patient is treated.,172,N,Cardiac Surgery,Cardiac Surgery: Surgical treatment of the heart or great vessels,01/05/2005,Null,N
Activity_Treatment_Function_Code,an3,01/11/2012,Null,Null,Treatment Function Code is a unique identifier for a Treatment Function. Treatment Function Code is recorded to report the specialised service within which the Patient is treated.,173,N,Thoracic Surgery,"Thoracic Surgery: Surgical treatment of diseases affecting organs inside the thorax (the chest). Generally treatment of conditions of the lungs, chest wall, and diaphragm",01/05/2005,Null,N
Activity_Treatment_Function_Code,an3,01/11/2012,Null,Null,Treatment Function Code is a unique identifier for a Treatment Function. Treatment Function Code is recorded to report the specialised service within which the Patient is treated.,174,N,Cardiothoracic Transplantation,Cardiothoracic Transplantation: To be used by recognised specialist units and associated outreach Services only. Includes pre- and post-operative Services,01/05/2005,Null,N
Activity_Treatment_Function_Code,an3,01/11/2012,Null,Null,Treatment Function Code is a unique identifier for a Treatment Function. Treatment Function Code is recorded to report the specialised service within which the Patient is treated.,180,N,Accident & Emergency,Accident & Emergency: Services to Care for Patients with urgent problems delivered as part of an Accident and Emergency Attendance or admission at an Accident and Emergency Department,01/05/2005,Null,N
Activity_Treatment_Function_Code,an3,01/11/2012,Null,Null,Treatment Function Code is a unique identifier for a Treatment Function. Treatment Function Code is recorded to report the specialised service within which the Patient is treated.,191,N,Pain Management,Pain Management: Complex pain disorders requiring diagnosis and treatment by a specialist multi-professional team,01/05/2005,Null,N
Activity_Treatment_Function_Code,an3,01/11/2012,Null,Null,Treatment Function Code is a unique identifier for a Treatment Function. Treatment Function Code is recorded to report the specialised service within which the Patient is treated.,211,N,Paediatric Urology,Paediatric Urology: Surgical treatment of disorders of the urinary system and male reproductive system,01/04/2006,Null,N
Activity_Treatment_Function_Code,an3,01/11/2012,Null,Null,Treatment Function Code is a unique identifier for a Treatment Function. Treatment Function Code is recorded to report the specialised service within which the Patient is treated.,212,N,Paediatric Transplantation Surgery,Paediatric Transplantation Surgery: Includes pre- and post-operative Care for major organ transplants except heart and lung (see Cardiothoracic Transplantation). Excludes corneal grafts,01/04/2006,Null,N
Activity_Treatment_Function_Code,an3,01/11/2012,Null,Null,Treatment Function Code is a unique identifier for a Treatment Function. Treatment Function Code is recorded to report the specialised service within which the Patient is treated.,213,N,Paediatric Gastrointestinal Surgery,Paediatric Gastrointestinal Surgery: Surgical treatment of disorders of the gastrointestinal tract,01/04/2006,Null,N
Activity_Treatment_Function_Code,an3,01/11/2012,Null,Null,Treatment Function Code is a unique identifier for a Treatment Function. Treatment Function Code is recorded to report the specialised service within which the Patient is treated.,214,N,Paediatric Trauma and Orthopaedics,"Paediatric Trauma and Orthopaedics: Surgery to treat injuries, congenital and acquired disorders of the bones, joints, and their associated soft tissues, including ligaments, nerves and muscles. Excludes Spinal Surgery Service - see Treatment Function Code 108",01/04/2006,Null,N
Activity_Treatment_Function_Code,an3,01/11/2012,Null,Null,Treatment Function Code is a unique identifier for a Treatment Function. Treatment Function Code is recorded to report the specialised service within which the Patient is treated.,215,N,Paediatric Ear Nose and Throat,"Paediatric Ear Nose and Throat: Ear, nose and throat",01/04/2006,Null,N
Activity_Treatment_Function_Code,an3,01/11/2012,Null,Null,Treatment Function Code is a unique identifier for a Treatment Function. Treatment Function Code is recorded to report the specialised service within which the Patient is treated.,216,N,Paediatric Ophthalmology,Paediatric Ophthalmology: The surgical treatment of disorders and diseases of the eye.,01/04/2006,Null,N
Activity_Treatment_Function_Code,an3,01/11/2012,Null,Null,Treatment Function Code is a unique identifier for a Treatment Function. Treatment Function Code is recorded to report the specialised service within which the Patient is treated.,217,N,Paediatric Maxillo-Facial Surgery,"Paediatric Maxillo-Facial Surgery: Mouth, jaw and face related surgery",01/04/2006,Null,N
Activity_Treatment_Function_Code,an3,01/11/2012,Null,Null,Treatment Function Code is a unique identifier for a Treatment Function. Treatment Function Code is recorded to report the specialised service within which the Patient is treated.,218,N,Paediatric Neurosurgery,"Paediatric Neurosurgery: The prevention, diagnosis, treatment, and rehabilitation of disorders which affect any portion of the nervous system including the brain, spinal cord, peripheral nerves, and extra-cranial cerebrovascular system",01/04/2006,Null,N
Activity_Treatment_Function_Code,an3,01/11/2012,Null,Null,Treatment Function Code is a unique identifier for a Treatment Function. Treatment Function Code is recorded to report the specialised service within which the Patient is treated.,219,N,Paediatric Plastic Surgery,"Paediatric Plastic Surgery: Services to correct or restore form and function. In addition to cosmetic or aesthetic surgery, plastic surgery includes many types of reconstructive surgery, and the treatment of burns",01/04/2006,Null,N
Activity_Treatment_Function_Code,an3,01/11/2012,Null,Null,Treatment Function Code is a unique identifier for a Treatment Function. Treatment Function Code is recorded to report the specialised service within which the Patient is treated.,220,N,Paediatric Burns Care,Paediatric Burns Care: To be used by recognised specialist units and associated outreach Services only,01/04/2006,Null,N
Activity_Treatment_Function_Code,an3,01/11/2012,Null,Null,Treatment Function Code is a unique identifier for a Treatment Function. Treatment Function Code is recorded to report the specialised service within which the Patient is treated.,221,N,Paediatric Cardiac Surgery,Paediatric Cardiac Surgery: Surgical treatment of the heart or great vessels,01/04/2006,Null,N
Activity_Treatment_Function_Code,an3,01/11/2012,Null,Null,Treatment Function Code is a unique identifier for a Treatment Function. Treatment Function Code is recorded to report the specialised service within which the Patient is treated.,222,N,Paediatric Thoracic Surgery,"Paediatric Thoracic Surgery: Surgical treatment of diseases affecting organs inside the thorax (the chest). Generally treatment of conditions of the lungs, chest wall, and diaphragm",01/04/2006,Null,N
Activity_Treatment_Function_Code,an3,01/11/2012,Null,Null,Treatment Function Code is a unique identifier for a Treatment Function. Treatment Function Code is recorded to report the specialised service within which the Patient is treated.,223,N,Paediatric Epilepsy,Paediatric Epilepsy: Designated clinic which provides Services to children led by Consultant paediatrician with expertise in epilepsy supported by specialist staff,01/11/2012,Null,Y
Activity_Treatment_Function_Code,an3,01/11/2012,Null,Null,Treatment Function Code is a unique identifier for a Treatment Function. Treatment Function Code is recorded to report the specialised service within which the Patient is treated.,241,N,Paediatric Pain Management,Paediatric Pain Management: Complex pain disorders requiring diagnosis and treatment by a specialist multi-professional team,01/04/2006,Null,N
Activity_Treatment_Function_Code,an3,01/11/2012,Null,Null,Treatment Function Code is a unique identifier for a Treatment Function. Treatment Function Code is recorded to report the specialised service within which the Patient is treated.,242,N,Paediatric Intensive Care,Paediatric Intensive Care: Only to be used by designated Paediatric Intensive Care Units,01/04/2006,Null,N
Activity_Treatment_Function_Code,an3,01/11/2012,Null,Null,Treatment Function Code is a unique identifier for a Treatment Function. Treatment Function Code is recorded to report the specialised service within which the Patient is treated.,251,N,Paediatric Gastroenterology,Paediatric Gastroenterology: The treatment of disorders of the digestive system,01/04/2006,Null,N
Activity_Treatment_Function_Code,an3,01/11/2012,Null,Null,Treatment Function Code is a unique identifier for a Treatment Function. Treatment Function Code is recorded to report the specialised service within which the Patient is treated.,252,N,Paediatric Endocrinology,Paediatric Endocrinology: The treatment of disorders of the endocrine system,01/04/2006,Null,N
Activity_Treatment_Function_Code,an3,01/11/2012,Null,Null,Treatment Function Code is a unique identifier for a Treatment Function. Treatment Function Code is recorded to report the specialised service within which the Patient is treated.,253,N,Paediatric Clinical Haematology,Paediatric Clinical Haematology: Excludes Anticoagulant Service - see Treatment Function Code 324,01/04/2006,Null,N
Activity_Treatment_Function_Code,an3,01/11/2012,Null,Null,Treatment Function Code is a unique identifier for a Treatment Function. Treatment Function Code is recorded to report the specialised service within which the Patient is treated.,254,N,Paediatric Audiological Medicine,"Paediatric Audiological Medicine: The medical specialty concerned with the investigation, diagnosis and management of Patients with disorders of balance, hearing, tinnitus and auditory communication. Excludes audiology and hearing tests",01/04/2006,Null,N
Activity_Treatment_Function_Code,an3,01/11/2012,Null,Null,Treatment Function Code is a unique identifier for a Treatment Function. Treatment Function Code is recorded to report the specialised service within which the Patient is treated.,255,N,Paediatric Clinical Immunology And Allergy Service,Paediatric Clinical Immunology And Allergy Service: Clinical Immunology is the treatment of disorders of the immune system. Allergy Service is the diagnosis and management of allergic disease,01/04/2006,Null,N
Activity_Treatment_Function_Code,an3,01/11/2012,Null,Null,Treatment Function Code is a unique identifier for a Treatment Function. Treatment Function Code is recorded to report the specialised service within which the Patient is treated.,256,N,Paediatric Infectious Diseases,Paediatric Infectious Diseases: Services to diagnose and treat contagious or communicable diseases,01/04/2006,Null,N
Activity_Treatment_Function_Code,an3,01/11/2012,Null,Null,Treatment Function Code is a unique identifier for a Treatment Function. Treatment Function Code is recorded to report the specialised service within which the Patient is treated.,257,N,Paediatric Dermatology,Paediatric Dermatology: Services for the treatment of diseases of the skin,01/04/2006,Null,N
Activity_Treatment_Function_Code,an3,01/11/2012,Null,Null,Treatment Function Code is a unique identifier for a Treatment Function. Treatment Function Code is recorded to report the specialised service within which the Patient is treated.,258,N,Paediatric Respiratory Medicine,Paediatric Respiratory Medicine: Also known as Thoracic Medicine,01/04/2006,Null,N
Activity_Treatment_Function_Code,an3,01/11/2012,Null,Null,Treatment Function Code is a unique identifier for a Treatment Function. Treatment Function Code is recorded to report the specialised service within which the Patient is treated.,259,N,Paediatric Nephrology,Paediatric Nephrology: Services to treat kidney conditions and abnormalities,01/04/2006,Null,N
Activity_Treatment_Function_Code,an3,01/11/2012,Null,Null,Treatment Function Code is a unique identifier for a Treatment Function. Treatment Function Code is recorded to report the specialised service within which the Patient is treated.,260,N,Paediatric Medical Oncology,"Paediatric Medical Oncology: The diagnosis and treatment, typically with Chemotherapy of Patients with cancer",01/04/2006,Null,N
Activity_Treatment_Function_Code,an3,01/11/2012,Null,Null,Treatment Function Code is a unique identifier for a Treatment Function. Treatment Function Code is recorded to report the specialised service within which the Patient is treated.,261,N,Paediatric Metabolic Disease,Paediatric Metabolic Disease: The diagnosis and management of inherited metabolic conditions,01/04/2006,Null,N
Activity_Treatment_Function_Code,an3,01/11/2012,Null,Null,Treatment Function Code is a unique identifier for a Treatment Function. Treatment Function Code is recorded to report the specialised service within which the Patient is treated.,262,N,Paediatric Rheumatology,"Paediatric Rheumatology: Services to treat rheumatism, arthritis, and other disorders of the joints, muscles and ligaments",01/04/2006,Null,N
Activity_Treatment_Function_Code,an3,01/11/2012,Null,Null,Treatment Function Code is a unique identifier for a Treatment Function. Treatment Function Code is recorded to report the specialised service within which the Patient is treated.,263,N,Paediatric Diabetic Medicine,"Paediatric Diabetic Medicine: Services to diagnose, treat and support Patients with diabetes",01/04/2011,Null,N
Activity_Treatment_Function_Code,an3,01/11/2012,Null,Null,Treatment Function Code is a unique identifier for a Treatment Function. Treatment Function Code is recorded to report the specialised service within which the Patient is treated.,264,N,Paediatric Cystic Fibrosis,"Paediatric Cystic Fibrosis: Specialised, multidisciplinary Service concerned with the diagnosis, assessment and management of Patients with cystic fibrosis. This Treatment Function Code should be used by recognised specialist centres only",01/04/2011,Null,N
Activity_Treatment_Function_Code,an3,01/11/2012,Null,Null,Treatment Function Code is a unique identifier for a Treatment Function. Treatment Function Code is recorded to report the specialised service within which the Patient is treated.,280,N,Paediatric Interventional Radiology,Paediatric Interventional Radiology: Diagnosis and treatment of diseases utilising minimally-invasive image-guided procedures. Not to be used for Diagnostic Imaging - see Treatment Function Code 812,01/04/2006,Null,N
Activity_Treatment_Function_Code,an3,01/11/2012,Null,Null,Treatment Function Code is a unique identifier for a Treatment Function. Treatment Function Code is recorded to report the specialised service within which the Patient is treated.,290,N,Community Paediatrics,"Community Paediatrics: Includes routine health surveillance, health promotion, behavioural paediatrics and Looked After Children. Excludes Paediatric Neuro-Disability",01/04/2006,Null,N
Activity_Treatment_Function_Code,an3,01/11/2012,Null,Null,Treatment Function Code is a unique identifier for a Treatment Function. Treatment Function Code is recorded to report the specialised service within which the Patient is treated.,291,N,Paediatric Neuro-Disability,"Paediatric Neuro-Disability: Dedicated Services for children with Cerebral Palsy and non-progressive handicapping neurological conditions, with or without Learning Disability",01/04/2006,Null,N
Activity_Treatment_Function_Code,an3,01/11/2012,Null,Null,Treatment Function Code is a unique identifier for a Treatment Function. Treatment Function Code is recorded to report the specialised service within which the Patient is treated.,190,N,Anaesthetics,Anaesthetics: This can be used in Out-patients only. Pain Management should be recorded in 191,01/05/2005,Null,N
Activity_Treatment_Function_Code,an3,01/11/2012,Null,Null,Treatment Function Code is a unique identifier for a Treatment Function. Treatment Function Code is recorded to report the specialised service within which the Patient is treated.,192,N,Critical Care Medicine,Critical Care Medicine: also known as Intensive Care Medicine,01/05/2005,Null,N
Activity_Treatment_Function_Code,an3,01/11/2012,Null,Null,Treatment Function Code is a unique identifier for a Treatment Function. Treatment Function Code is recorded to report the specialised service within which the Patient is treated.,300,N,General Medicine,General Medicine: Includes sub-categories not elsewhere listed e.g. Metabolic Medicine.,01/05/2005,Null,N
Activity_Treatment_Function_Code,an3,01/11/2012,Null,Null,Treatment Function Code is a unique identifier for a Treatment Function. Treatment Function Code is recorded to report the specialised service within which the Patient is treated.,301,N,Gastroenterology,Gastroenterology: The treatment of disorders of the digestive system,01/05/2005,Null,N
Activity_Treatment_Function_Code,an3,01/11/2012,Null,Null,Treatment Function Code is a unique identifier for a Treatment Function. Treatment Function Code is recorded to report the specialised service within which the Patient is treated.,302,N,Endocrinology,Endocrinology: The treatment of disorders of the endocrine system,01/05/2005,Null,N
Activity_Treatment_Function_Code,an3,01/11/2012,Null,Null,Treatment Function Code is a unique identifier for a Treatment Function. Treatment Function Code is recorded to report the specialised service within which the Patient is treated.,303,N,Clinical Haematology,Clinical Haematology: Excludes Anticoagulant Service - see Treatment Function Code 324,01/05/2005,Null,N
Activity_Treatment_Function_Code,an3,01/11/2012,Null,Null,Treatment Function Code is a unique identifier for a Treatment Function. Treatment Function Code is recorded to report the specialised service within which the Patient is treated.,304,N,Clinical Physiology,"Clinical Physiology: Physiological measurement including ECG (e.g. exercise testing, stress testing), gastrointestinal physiology, cardiac physiology, vascular technology, urodynamics, and ophthalmic and vision science. Excludes Clinical Neurophysiology - see Treatment Function Code 401, Audiology - see Treatment Function Code 840 or Respiratory Physiology - see Treatment Function Code 341",01/10/2007,Null,N
Activity_Treatment_Function_Code,an3,01/11/2012,Null,Null,Treatment Function Code is a unique identifier for a Treatment Function. Treatment Function Code is recorded to report the specialised service within which the Patient is treated.,305,N,Clinical Pharmacology,"Clinical Pharmacology: Services providing drug information, medication safety and other aspects of pharmacy practice",01/05/2005,Null,N
Activity_Treatment_Function_Code,an3,01/11/2012,Null,Null,Treatment Function Code is a unique identifier for a Treatment Function. Treatment Function Code is recorded to report the specialised service within which the Patient is treated.,306,N,Hepatology,Hepatology: Also known as liver medicine,01/05/2005,Null,N
Activity_Treatment_Function_Code,an3,01/11/2012,Null,Null,Treatment Function Code is a unique identifier for a Treatment Function. Treatment Function Code is recorded to report the specialised service within which the Patient is treated.,307,N,Diabetic Medicine,"Diabetic Medicine: Services to diagnose, treat and support Patients with diabetes",01/05/2005,Null,N
Activity_Treatment_Function_Code,an3,01/11/2012,Null,Null,Treatment Function Code is a unique identifier for a Treatment Function. Treatment Function Code is recorded to report the specialised service within which the Patient is treated.,308,N,Blood And Marrow Transplantation,Blood And Marrow Transplantation: Previously coded within Clinical Haematology (Treatment Function Code 303). Includes haemopoietic stem cell transplantation,01/05/2005,Null,N
Activity_Treatment_Function_Code,an3,01/11/2012,Null,Null,Treatment Function Code is a unique identifier for a Treatment Function. Treatment Function Code is recorded to report the specialised service within which the Patient is treated.,309,N,Haemophilia Service,Haemophilia Service: Previously coded within Clinical Haematology (Treatment Function Code 303).,01/05/2005,Null,N
Activity_Treatment_Function_Code,an3,01/11/2012,Null,Null,Treatment Function Code is a unique identifier for a Treatment Function. Treatment Function Code is recorded to report the specialised service within which the Patient is treated.,310,N,Audiological Medicine,"Audiological Medicine: The medical specialty concerned with the investigation, diagnosis and management of Patients with disorders of balance, hearing, tinnitus and auditory communication. Excludes audiology and hearing tests",01/05/2005,Null,N
Activity_Treatment_Function_Code,an3,01/11/2012,Null,Null,Treatment Function Code is a unique identifier for a Treatment Function. Treatment Function Code is recorded to report the specialised service within which the Patient is treated.,311,N,Clinical Genetics,Clinical Genetics: Diagnosis of disorders caused by genetic mechanisms and counselling Service to Patients and affected family members. To be used by recognised specialist units and associated outreach Services only,01/05/2005,Null,N
Activity_Treatment_Function_Code,an3,01/11/2012,Null,Null,Treatment Function Code is a unique identifier for a Treatment Function. Treatment Function Code is recorded to report the specialised service within which the Patient is treated.,312,N,Not A Treatment Function,Not A Treatment Function,01/05/2005,Null,N
Activity_Treatment_Function_Code,an3,01/11/2012,Null,Null,Treatment Function Code is a unique identifier for a Treatment Function. Treatment Function Code is recorded to report the specialised service within which the Patient is treated.,313,N,Clinical Immunology And Allergy Service,Clinical Immunology And Allergy Service: Should only be used where there are no separate Services for Clinical Immunology and Allergy,01/05/2005,Null,N
Activity_Treatment_Function_Code,an3,01/11/2012,Null,Null,Treatment Function Code is a unique identifier for a Treatment Function. Treatment Function Code is recorded to report the specialised service within which the Patient is treated.,314,N,Rehabilitation Service,Rehabilitation Service: Services to enhance and restore functional ability and quality of life to those with physical impairments or disabilities. Excludes Mental Health Recovery and Rehabilitation Service - see Treatment Function Code 725,01/05/2005,Null,N
Activity_Treatment_Function_Code,an3,01/11/2012,Null,Null,Treatment Function Code is a unique identifier for a Treatment Function. Treatment Function Code is recorded to report the specialised service within which the Patient is treated.,315,N,Palliative Medicine,"Palliative Medicine: The treatment for curable illnesses and those living with chronic diseases, as well as Patients who are nearing the end of life",01/05/2005,Null,N
Activity_Treatment_Function_Code,an3,01/11/2012,Null,Null,Treatment Function Code is a unique identifier for a Treatment Function. Treatment Function Code is recorded to report the specialised service within which the Patient is treated.,316,N,Clinical Immunology,Clinical Immunology: The treatment of disorders of the immune system,01/05/2005,Null,N
Activity_Treatment_Function_Code,an3,01/11/2012,Null,Null,Treatment Function Code is a unique identifier for a Treatment Function. Treatment Function Code is recorded to report the specialised service within which the Patient is treated.,317,N,Allergy Service,Allergy Service: The diagnosis and management of allergic disease (abnormal immune responses to external substances) and the exclusion of allergic causes in other conditions,01/05/2005,Null,N
Activity_Treatment_Function_Code,an3,01/11/2012,Null,Null,Treatment Function Code is a unique identifier for a Treatment Function. Treatment Function Code is recorded to report the specialised service within which the Patient is treated.,318,N,Intermediate Care,Intermediate Care: Intermediate Care encompasses a range of multi-disciplinary Services designed to safeguard independence by maximising rehabilitation and recovery after illness or injury,01/05/2005,Null,N
Activity_Treatment_Function_Code,an3,01/11/2012,Null,Null,Treatment Function Code is a unique identifier for a Treatment Function. Treatment Function Code is recorded to report the specialised service within which the Patient is treated.,319,N,Respite Care,"Respite Care: Services providing temporary Care of a dependant person, providing relief for their usual caregivers",01/05/2005,Null,N
Activity_Treatment_Function_Code,an3,01/11/2012,Null,Null,Treatment Function Code is a unique identifier for a Treatment Function. Treatment Function Code is recorded to report the specialised service within which the Patient is treated.,320,N,Cardiology,Cardiology: Services treating diseases and abnormalities of the heart,01/05/2005,Null,N
Activity_Treatment_Function_Code,an3,01/11/2012,Null,Null,Treatment Function Code is a unique identifier for a Treatment Function. Treatment Function Code is recorded to report the specialised service within which the Patient is treated.,321,N,Paediatric Cardiology,"Paediatric Cardiology: Dedicated Services to children with diseases and abnormalities of the heart, with appropriate facilities and support staff",01/05/2005,Null,N
Activity_Treatment_Function_Code,an3,01/11/2012,Null,Null,Treatment Function Code is a unique identifier for a Treatment Function. Treatment Function Code is recorded to report the specialised service within which the Patient is treated.,322,N,Clinical Microbiology,"Clinical Microbiology: Services to treat diseases caused by bacteria, viruses, fungi and parasites",01/05/2005,Null,N
Activity_Treatment_Function_Code,an3,01/11/2012,Null,Null,Treatment Function Code is a unique identifier for a Treatment Function. Treatment Function Code is recorded to report the specialised service within which the Patient is treated.,323,N,Spinal Injuries,"Spinal Injuries: To be used by recognised specialist units and associated outreach Services only, Excludes Spinal Surgery Service - see Treatment Function Code 108",01/04/2006,Null,N
Activity_Treatment_Function_Code,an3,01/11/2012,Null,Null,Treatment Function Code is a unique identifier for a Treatment Function. Treatment Function Code is recorded to report the specialised service within which the Patient is treated.,324,N,Anticoagulant Service,Anticoagulant Service: The monitoring and control of anticoagulant therapy including the initiation and/or supervision of oral anticoagulant therapy and the determination of anticoagulant dosage. This can be used in Out-patients only,01/04/2006,Null,N
Activity_Treatment_Function_Code,an3,01/11/2012,Null,Null,Treatment Function Code is a unique identifier for a Treatment Function. Treatment Function Code is recorded to report the specialised service within which the Patient is treated.,325,N,Sport And Exercise Medicine,"Sport And Exercise Medicine: The diagnosis and management of medical problems caused by physical Activity, the prevention of related injury and disease and the role of exercise in disease treatment",01/04/2011,Null,N
Activity_Treatment_Function_Code,an3,01/11/2012,Null,Null,Treatment Function Code is a unique identifier for a Treatment Function. Treatment Function Code is recorded to report the specialised service within which the Patient is treated.,327,N,Cardiac Rehabilitation,Cardiac Rehabilitation: Rehabilitation Service for Patients with or recovering from heart related conditions such as heart attacks or from procedures such as coronary artery bypass surgery to ensure that they achieve their full potential in terms of physical and psychological health,01/04/2011,Null,N
Activity_Treatment_Function_Code,an3,01/11/2012,Null,Null,Treatment Function Code is a unique identifier for a Treatment Function. Treatment Function Code is recorded to report the specialised service within which the Patient is treated.,328,N,Stroke Medicine,Stroke Medicine: For stroke Services excluding Transient Ischaemic Attack - see Treatment Function Code 329,01/04/2011,Null,N
Activity_Treatment_Function_Code,an3,01/11/2012,Null,Null,Treatment Function Code is a unique identifier for a Treatment Function. Treatment Function Code is recorded to report the specialised service within which the Patient is treated.,329,N,Transient Ischaemic Attack,Transient Ischaemic Attack: A multidisciplinary Service for rapid diagnosis and treatment of Patients presenting with suspected Transient Ischaemic Attack and mini-strokes to minimise the chance of a full stroke occurring and maximise the chances of independent living after a stroke,01/04/2011,Null,N
Activity_Treatment_Function_Code,an3,01/11/2012,Null,Null,Treatment Function Code is a unique identifier for a Treatment Function. Treatment Function Code is recorded to report the specialised service within which the Patient is treated.,330,N,Dermatology,Dermatology: Services for the treatment of diseases of the skin,01/05/2005,Null,N
Activity_Treatment_Function_Code,an3,01/11/2012,Null,Null,Treatment Function Code is a unique identifier for a Treatment Function. Treatment Function Code is recorded to report the specialised service within which the Patient is treated.,331,N,Congenital Heart Disease Service,"Congenital Heart Disease Service: The management and treatment of congenital heart disease, this includes the ongoing Care of children in to adulthood",01/11/2012,Null,Y
Activity_Treatment_Function_Code,an3,01/11/2012,Null,Null,Treatment Function Code is a unique identifier for a Treatment Function. Treatment Function Code is recorded to report the specialised service within which the Patient is treated.,340,N,Respiratory Medicine,Respiratory Medicine: Also known as Thoracic Medicine,01/05/2005,Null,N
Activity_Treatment_Function_Code,an3,01/11/2012,Null,Null,Treatment Function Code is a unique identifier for a Treatment Function. Treatment Function Code is recorded to report the specialised service within which the Patient is treated.,341,N,Respiratory Physiology,"Respiratory Physiology: Physiological measurement of the function of the respiratory system. Includes Sleep Studies (the diagnosis and treatment of sleep disordered breathing, including upper airway resistance syndrome and sleep apnoea)",01/05/2005,Null,N
Activity_Treatment_Function_Code,an3,01/11/2012,Null,Null,Treatment Function Code is a unique identifier for a Treatment Function. Treatment Function Code is recorded to report the specialised service within which the Patient is treated.,342,N,Programmed Pulmonary Rehabilitation,Programmed Pulmonary Rehabilitation: A multidisciplinary programme of Care for Patients with chronic respiratory impairment that is individually tailored and designed to optimise the individual's physical and social performance and autonomy,01/04/2011,Null,N
Activity_Treatment_Function_Code,an3,01/11/2012,Null,Null,Treatment Function Code is a unique identifier for a Treatment Function. Treatment Function Code is recorded to report the specialised service within which the Patient is treated.,343,N,Adult Cystic Fibrosis Service,"Adult Cystic Fibrosis Service: Specialised, multidisciplinary Service concerned with the diagnosis, assessment and management of Patients with cystic fibrosis. This Treatment Function Code should be used by recognised specialist centres only",01/04/2011,Null,N
Activity_Treatment_Function_Code,an3,01/11/2012,Null,Null,Treatment Function Code is a unique identifier for a Treatment Function. Treatment Function Code is recorded to report the specialised service within which the Patient is treated.,344,N,Complex Specialised Rehabilitation Service,Complex Specialised Rehabilitation Service: Complex specialised rehabilitation Service which meets the NHS Specialised Services Rehabilitation Services' criteria and is registered as a Level 1 Service. For further information see the NHS Specialised Services website,01/11/2012,Null,Y
Activity_Treatment_Function_Code,an3,01/11/2012,Null,Null,Treatment Function Code is a unique identifier for a Treatment Function. Treatment Function Code is recorded to report the specialised service within which the Patient is treated.,345,N,Specialist Rehabilitation Service,Specialist Rehabilitation Service: Specialist rehabilitation Service which meets the NHS Specialised Services Rehabilitation Services' criteria and is registered as a Level 2a Service. For further information see the NHS Specialised Services website,01/11/2012,Null,Y
Activity_Treatment_Function_Code,an3,01/11/2012,Null,Null,Treatment Function Code is a unique identifier for a Treatment Function. Treatment Function Code is recorded to report the specialised service within which the Patient is treated.,346,N,Local Specialist Rehabilitation Service,Local Specialist Rehabilitation Service: Local specialist rehabilitation Service which meets the NHS Specialised Services Rehabilitation Services' criteria and is registered as a Level 2b Service. For further information see the NHS Specialised Services website,01/11/2012,Null,Y
Activity_Treatment_Function_Code,an3,01/11/2012,Null,Null,Treatment Function Code is a unique identifier for a Treatment Function. Treatment Function Code is recorded to report the specialised service within which the Patient is treated.,350,N,Infectious Diseases,Infectious Diseases: Services to diagnose and treat contagious or communicable diseases,01/05/2005,Null,N
Activity_Treatment_Function_Code,an3,01/11/2012,Null,Null,Treatment Function Code is a unique identifier for a Treatment Function. Treatment Function Code is recorded to report the specialised service within which the Patient is treated.,352,N,Tropical Medicine,Tropical Medicine: Services to diagnose and treat diseases that are found most often in tropical  or sub-tropical regions,01/05/2005,Null,N
Activity_Treatment_Function_Code,an3,01/11/2012,Null,Null,Treatment Function Code is a unique identifier for a Treatment Function. Treatment Function Code is recorded to report the specialised service within which the Patient is treated.,360,N,Genitourinary Medicine,Genitourinary Medicine: Primarily related to medicine dealing with sexually transmitted diseases,01/05/2005,Null,N
Activity_Treatment_Function_Code,an3,01/11/2012,Null,Null,Treatment Function Code is a unique identifier for a Treatment Function. Treatment Function Code is recorded to report the specialised service within which the Patient is treated.,361,N,Nephrology,Nephrology: Services to treat kidney conditions and abnormalities,01/05/2005,Null,N
Activity_Treatment_Function_Code,an3,01/11/2012,Null,Null,Treatment Function Code is a unique identifier for a Treatment Function. Treatment Function Code is recorded to report the specialised service within which the Patient is treated.,370,N,Medical Oncology,"Medical Oncology: The diagnosis and treatment, typically with Chemotherapy, of Patients with cancer",01/05/2005,Null,N
Activity_Treatment_Function_Code,an3,01/11/2012,Null,Null,Treatment Function Code is a unique identifier for a Treatment Function. Treatment Function Code is recorded to report the specialised service within which the Patient is treated.,371,N,Nuclear Medicine,Nuclear Medicine: The treatment of Patients through the use of radioactive substances,01/10/2007,Null,N
Activity_Treatment_Function_Code,an3,01/11/2012,Null,Null,Treatment Function Code is a unique identifier for a Treatment Function. Treatment Function Code is recorded to report the specialised service within which the Patient is treated.,400,N,Neurology,Neurology: Services to diagnose and treat conditions and diseases of the central nervous system,01/05/2005,Null,N
Activity_Treatment_Function_Code,an3,01/11/2012,Null,Null,Treatment Function Code is a unique identifier for a Treatment Function. Treatment Function Code is recorded to report the specialised service within which the Patient is treated.,401,N,Clinical Neurophysiology,Clinical Neurophysiology: The study of the central and peripheral nervous systems through the recording of bioelectrical Activity. Includes Electroencephalogram (EEG),01/10/2007,Null,N
Activity_Treatment_Function_Code,an3,01/11/2012,Null,Null,Treatment Function Code is a unique identifier for a Treatment Function. Treatment Function Code is recorded to report the specialised service within which the Patient is treated.,410,N,Rheumatology,"Rheumatology: Services to treat rheumatism, arthritis, and other disorders of the joints, muscles and ligaments",01/05/2005,Null,N
Activity_Treatment_Function_Code,an3,01/11/2012,Null,Null,Treatment Function Code is a unique identifier for a Treatment Function. Treatment Function Code is recorded to report the specialised service within which the Patient is treated.,420,N,Paediatrics,"Paediatrics: Services to treat infants, children, and adolescents",01/05/2005,Null,N
Activity_Treatment_Function_Code,an3,01/11/2012,Null,Null,Treatment Function Code is a unique identifier for a Treatment Function. Treatment Function Code is recorded to report the specialised service within which the Patient is treated.,421,N,Paediatric Neurology,"Paediatric Neurology: Dedicated Services to children to diagnose and treat conditions and diseases of the central nervous system, with appropriate facilities and support staff",01/05/2005,Null,N
Activity_Treatment_Function_Code,an3,01/11/2012,Null,Null,Treatment Function Code is a unique identifier for a Treatment Function. Treatment Function Code is recorded to report the specialised service within which the Patient is treated.,422,N,Neonatology,"Neonatology: Special Care, High Dependency and Intensive Care",01/05/2005,Null,N
Activity_Treatment_Function_Code,an3,01/11/2012,Null,Null,Treatment Function Code is a unique identifier for a Treatment Function. Treatment Function Code is recorded to report the specialised service within which the Patient is treated.,424,N,Well Babies,Well Babies: Use when Neonatal Level Of Care = 0 - Normal Care: Care given by the mother/substitute with medical and neonatal nursing advice if needed. See Well Baby,01/05/2005,Null,N
Activity_Treatment_Function_Code,an3,01/11/2012,Null,Null,Treatment Function Code is a unique identifier for a Treatment Function. Treatment Function Code is recorded to report the specialised service within which the Patient is treated.,430,N,Geriatric Medicine,"Geriatric Medicine: Services to treat diseases and disabilities in older adults. There is no set age at which Patients may be under the Care of Geriatric Medicine, this decision should be determined by the individual Patient's needs",01/05/2005,Null,N
Activity_Treatment_Function_Code,an3,01/11/2012,Null,Null,Treatment Function Code is a unique identifier for a Treatment Function. Treatment Function Code is recorded to report the specialised service within which the Patient is treated.,450,N,Dental Medicine Specialties,Dental Medicine Specialties: Includes Oral Medicine.,01/05/2005,Null,N
Activity_Treatment_Function_Code,an3,01/11/2012,Null,Null,Treatment Function Code is a unique identifier for a Treatment Function. Treatment Function Code is recorded to report the specialised service within which the Patient is treated.,460,N,Medical Ophthalmology,"Medical Ophthalmology: Services to diagnose and treat medical conditions affecting the eye, orbits, and visual pathways",01/05/2005,Null,N
Activity_Treatment_Function_Code,an3,01/11/2012,Null,Null,Treatment Function Code is a unique identifier for a Treatment Function. Treatment Function Code is recorded to report the specialised service within which the Patient is treated.,500,N,Not A Treatment Function,Not A Treatment Function,01/05/2005,Null,N
Activity_Treatment_Function_Code,an3,01/11/2012,Null,Null,Treatment Function Code is a unique identifier for a Treatment Function. Treatment Function Code is recorded to report the specialised service within which the Patient is treated.,501,N,Obstetrics,Obstetrics: The management of pregnancy and childbirth including miscarriages and still births but excluding planned terminations. Excludes Midwifery Service see Treatment Function Code 560,01/05/2005,Null,N
Activity_Treatment_Function_Code,an3,01/11/2012,Null,Null,Treatment Function Code is a unique identifier for a Treatment Function. Treatment Function Code is recorded to report the specialised service within which the Patient is treated.,502,N,Gynaecology,Gynaecology: Disorders of the female reproductive system. Includes planned terminations,01/05/2005,Null,N
Activity_Treatment_Function_Code,an3,01/11/2012,Null,Null,Treatment Function Code is a unique identifier for a Treatment Function. Treatment Function Code is recorded to report the specialised service within which the Patient is treated.,503,N,Gynaecological Oncology,Gynaecological Oncology: Services to treat cancers of the female reproductive system,01/05/2005,Null,N
Activity_Treatment_Function_Code,an3,01/11/2012,Null,Null,Treatment Function Code is a unique identifier for a Treatment Function. Treatment Function Code is recorded to report the specialised service within which the Patient is treated.,510 ,N,Retired,"Retired: Record as Obstetrics, antenatal clinic can be used as a local sub-specialty if required",01/04/2001,Null,N
Activity_Treatment_Function_Code,an3,01/11/2012,Null,Null,Treatment Function Code is a unique identifier for a Treatment Function. Treatment Function Code is recorded to report the specialised service within which the Patient is treated.,520 ,N,Retired,"Retired: Record as Obstetrics, postnatal clinic can be used as a local sub-specialty if required",01/04/2001,Null,N
Activity_Treatment_Function_Code,an3,01/11/2012,Null,Null,Treatment Function Code is a unique identifier for a Treatment Function. Treatment Function Code is recorded to report the specialised service within which the Patient is treated.,560,N,Midwifery Service,Midwifery Service: Services provided under the direct Care of a Midwife. Excludes Obstetrics see Treatment Function Code 501,01/05/2005,Null,N
Activity_Treatment_Function_Code,an3,01/11/2012,Null,Null,Treatment Function Code is a unique identifier for a Treatment Function. Treatment Function Code is recorded to report the specialised service within which the Patient is treated.,600,N,Not A Treatment Function,Not A Treatment Function,01/05/2005,Null,N
Activity_Treatment_Function_Code,an3,01/11/2012,Null,Null,Treatment Function Code is a unique identifier for a Treatment Function. Treatment Function Code is recorded to report the specialised service within which the Patient is treated.,610 ,N,Retired,Retired: Record as Obstetrics,01/04/2001,Null,N
Activity_Treatment_Function_Code,an3,01/11/2012,Null,Null,Treatment Function Code is a unique identifier for a Treatment Function. Treatment Function Code is recorded to report the specialised service within which the Patient is treated.,620 ,N,Retired,Retired: Use the appropriate function under which the Patient is treated,01/04/2001,Null,N
Activity_Treatment_Function_Code,an3,01/11/2012,Null,Null,Treatment Function Code is a unique identifier for a Treatment Function. Treatment Function Code is recorded to report the specialised service within which the Patient is treated.,650,N,Physiotherapy,"Physiotherapy: The treatment of human function and movement to help people to achieve their full physical potential. The use of physical approaches to promote, maintain and restore wellbeing",01/04/2006,Null,N
Activity_Treatment_Function_Code,an3,01/11/2012,Null,Null,Treatment Function Code is a unique identifier for a Treatment Function. Treatment Function Code is recorded to report the specialised service within which the Patient is treated.,651,N,Occupational Therapy,Occupational Therapy: The use of specific Activities to limit the effects of disability and promote independence in all aspects of daily life,01/04/2006,Null,N
Activity_Treatment_Function_Code,an3,01/11/2012,Null,Null,Treatment Function Code is a unique identifier for a Treatment Function. Treatment Function Code is recorded to report the specialised service within which the Patient is treated.,652,N,Speech And Language Therapy,"Speech And Language Therapy: The assessment, treatment and help to prevent speech, language and swallowing difficulties",01/04/2006,Null,N
Activity_Treatment_Function_Code,an3,01/11/2012,Null,Null,Treatment Function Code is a unique identifier for a Treatment Function. Treatment Function Code is recorded to report the specialised service within which the Patient is treated.,653,N,Podiatry,"Podiatry: Also known as Chiropody. The diagnosis and treatment of disorders, diseases and deformities of the feet. Excludes Podiatric Surgery see Treatment Function Code 663",01/04/2006,Null,N
Activity_Treatment_Function_Code,an3,01/11/2012,Null,Null,Treatment Function Code is a unique identifier for a Treatment Function. Treatment Function Code is recorded to report the specialised service within which the Patient is treated.,654,N,Dietetics,"Dietetics: The application of the science of nutrition to devise eating plans for Patients to treat medical conditions. The promotion of good health by helping to facilitate a positive change in food choices amongst individuals, groups and communities",01/04/2006,Null,N
Activity_Treatment_Function_Code,an3,01/11/2012,Null,Null,Treatment Function Code is a unique identifier for a Treatment Function. Treatment Function Code is recorded to report the specialised service within which the Patient is treated.,655,N,Orthoptics,Orthoptics: The diagnosis and treatment of visual problems involving eye movement and alignment,01/04/2006,Null,N
Activity_Treatment_Function_Code,an3,01/11/2012,Null,Null,Treatment Function Code is a unique identifier for a Treatment Function. Treatment Function Code is recorded to report the specialised service within which the Patient is treated.,656,N,Clinical Psychology,Clinical Psychology: The diagnosis and treatment of emotional and behavioural disorders,01/04/2006,Null,N
Activity_Treatment_Function_Code,an3,01/11/2012,Null,Null,Treatment Function Code is a unique identifier for a Treatment Function. Treatment Function Code is recorded to report the specialised service within which the Patient is treated.,657,N,Prosthetics,Prosthetics: The supply of prosthetics for Patients,01/04/2011,Null,N
Activity_Treatment_Function_Code,an3,01/11/2012,Null,Null,Treatment Function Code is a unique identifier for a Treatment Function. Treatment Function Code is recorded to report the specialised service within which the Patient is treated.,658,N,Orthotics,Orthotics: The supply of orthoses for Patients,01/04/2011,Null,N
Activity_Treatment_Function_Code,an3,01/11/2012,Null,Null,Treatment Function Code is a unique identifier for a Treatment Function. Treatment Function Code is recorded to report the specialised service within which the Patient is treated.,659,N,Drama Therapy,"Drama Therapy: The use of drama and theatre techniques including role play, voice work and storytelling for therapeutic purposes",01/04/2011,Null,N
Activity_Treatment_Function_Code,an3,01/11/2012,Null,Null,Treatment Function Code is a unique identifier for a Treatment Function. Treatment Function Code is recorded to report the specialised service within which the Patient is treated.,660,N,Art Therapy,"Art Therapy: The use of art techniques including clay, paint and paper for therapeutic purposes and as a means of communication",01/04/2011,Null,N
Activity_Treatment_Function_Code,an3,01/11/2012,Null,Null,Treatment Function Code is a unique identifier for a Treatment Function. Treatment Function Code is recorded to report the specialised service within which the Patient is treated.,661,N,Music Therapy,Music Therapy: The use of music and all of its facets to help clients to improve or maintain their health,01/04/2011,Null,N
Activity_Treatment_Function_Code,an3,01/11/2012,Null,Null,Treatment Function Code is a unique identifier for a Treatment Function. Treatment Function Code is recorded to report the specialised service within which the Patient is treated.,662,N,Optometry,Optometry: The diagnosis and non-surgical treatment of disorders of the eye and vision Care,01/04/2011,Null,N
Activity_Treatment_Function_Code,an3,01/11/2012,Null,Null,Treatment Function Code is a unique identifier for a Treatment Function. Treatment Function Code is recorded to report the specialised service within which the Patient is treated.,663,N,Podiatric Surgery,"Podiatric Surgery: The treatment of foot problems, including soft tissue, bone and joint surgery of the foot, ankle and associated structures, excludes Podiatry see Treatment Function Code - 653",01/11/2012,Null,Y
Activity_Treatment_Function_Code,an3,01/11/2012,Null,Null,Treatment Function Code is a unique identifier for a Treatment Function. Treatment Function Code is recorded to report the specialised service within which the Patient is treated.,700,N,Learning Disability,Learning Disability: Services provided to Patients with a Learning Disability,01/05/2005,Null,N
Activity_Treatment_Function_Code,an3,01/11/2012,Null,Null,Treatment Function Code is a unique identifier for a Treatment Function. Treatment Function Code is recorded to report the specialised service within which the Patient is treated.,710,N,Adult Mental Illness,"Adult Mental Illness: Services provided to adult Patients for the assessment, diagnosis and treatment of mental illness",01/05/2005,Null,N
Activity_Treatment_Function_Code,an3,01/11/2012,Null,Null,Treatment Function Code is a unique identifier for a Treatment Function. Treatment Function Code is recorded to report the specialised service within which the Patient is treated.,711,N,Child And Adolescent Psychiatry,"Child And Adolescent Psychiatry: Services providing diagnosis, treatment, and prevention of psychopathological disorders of children and adolescents",01/05/2005,Null,N
Activity_Treatment_Function_Code,an3,01/11/2012,Null,Null,Treatment Function Code is a unique identifier for a Treatment Function. Treatment Function Code is recorded to report the specialised service within which the Patient is treated.,712,N,Forensic Psychiatry,"Forensic Psychiatry: Services to assess Patients who have committed an offence and are receiving treatment in high, medium and low secure units or prisons",01/05/2005,Null,N
Activity_Treatment_Function_Code,an3,01/11/2012,Null,Null,Treatment Function Code is a unique identifier for a Treatment Function. Treatment Function Code is recorded to report the specialised service within which the Patient is treated.,713,N,Psychotherapy,Psychotherapy: Services providing therapy used to treat emotional problems and mental health conditions,01/05/2005,Null,N
Activity_Treatment_Function_Code,an3,01/11/2012,Null,Null,Treatment Function Code is a unique identifier for a Treatment Function. Treatment Function Code is recorded to report the specialised service within which the Patient is treated.,715,N,Old Age Psychiatry,"Old Age Psychiatry: Services providing the diagnosis, treatment, and prevention of mental and emotional disorders in older adult Patients",01/05/2005,Null,N
Activity_Treatment_Function_Code,an3,01/11/2012,Null,Null,Treatment Function Code is a unique identifier for a Treatment Function. Treatment Function Code is recorded to report the specialised service within which the Patient is treated.,720,N,Eating Disorders,"Eating Disorders: A specialist Service for the diagnosis and treatment of eating disorders including anorexia, bulimia and compulsive overeating",01/04/2006,Null,N
Activity_Treatment_Function_Code,an3,01/11/2012,Null,Null,Treatment Function Code is a unique identifier for a Treatment Function. Treatment Function Code is recorded to report the specialised service within which the Patient is treated.,721,N,Addiction Services,"Addiction Services: The prevention and treatment of substance misuse including drugs and alcohol. If Patients have both severe mental illness and problematic substance misuse, see Treatment Function Code 726 Dual Diagnosis Service",01/04/2006,Null,N
Activity_Treatment_Function_Code,an3,01/11/2012,Null,Null,Treatment Function Code is a unique identifier for a Treatment Function. Treatment Function Code is recorded to report the specialised service within which the Patient is treated.,722,N,Liaison Psychiatry,"Liaison Psychiatry: The provision of psychiatric treatment to Patients attending general hospitals including Out-patient clinics, Accident and Emergency Departments and admission to wards. Deals with the interface between physical and psychological health.",01/04/2006,Null,N
Activity_Treatment_Function_Code,an3,01/11/2012,Null,Null,Treatment Function Code is a unique identifier for a Treatment Function. Treatment Function Code is recorded to report the specialised service within which the Patient is treated.,723,N,Psychiatric Intensive Care,Psychiatric Intensive Care: The provision of psychiatric Services to vulnerable individuals who are admitted to Psychiatric Intensive Care Units from open acute wards and forensic settings,01/04/2006,Null,N
Activity_Treatment_Function_Code,an3,01/11/2012,Null,Null,Treatment Function Code is a unique identifier for a Treatment Function. Treatment Function Code is recorded to report the specialised service within which the Patient is treated.,724,N,Perinatal Psychiatry,Perinatal Psychiatry: A specialist psychiatric Service for the diagnosis and treatment of ante-natal and post-natal psychiatric problems,01/04/2006,Null,N
Activity_Treatment_Function_Code,an3,01/11/2012,Null,Null,Treatment Function Code is a unique identifier for a Treatment Function. Treatment Function Code is recorded to report the specialised service within which the Patient is treated.,725,N,Mental Health Recovery And Rehabilitation Service,"Mental Health Recovery And Rehabilitation Service: Services provided to support recovery from mental illness that maximises the Patient's quality of life and social inclusion by encouraging their skills, promoting independence and autonomy",01/11/2012,Null,Y
Activity_Treatment_Function_Code,an3,01/11/2012,Null,Null,Treatment Function Code is a unique identifier for a Treatment Function. Treatment Function Code is recorded to report the specialised service within which the Patient is treated.,726,N,Mental Health Dual Diagnosis Service,Mental Health Dual Diagnosis Service: Services to provide support to Patients with both severe mental illness and substance misuse problems. Personality disorder may coexist with psychiatric illness and/or substance misuse,01/11/2012,Null,Y
Activity_Treatment_Function_Code,an3,01/11/2012,Null,Null,Treatment Function Code is a unique identifier for a Treatment Function. Treatment Function Code is recorded to report the specialised service within which the Patient is treated.,727,N,Dementia Assessment Service,"Dementia Assessment Service: Services for the assessment of Patients with dementia, which may complicate Care giving and can occur at any stage of the illness. In addition to memory impairment, dementia may include behavioural and psychological problems",01/11/2012,Null,Y
Activity_Treatment_Function_Code,an3,01/11/2012,Null,Null,Treatment Function Code is a unique identifier for a Treatment Function. Treatment Function Code is recorded to report the specialised service within which the Patient is treated.,800,N,Clinical Oncology (Previously Radiotherapy),"Clinical Oncology (Previously Radiotherapy): The diagnosis and treatment, typically with Radiotherapy, of Patients with cancer.",01/05/2005,Null,N
Activity_Treatment_Function_Code,an3,01/11/2012,Null,Null,Treatment Function Code is a unique identifier for a Treatment Function. Treatment Function Code is recorded to report the specialised service within which the Patient is treated.,810,N,Not A Treatment Function,Not A Treatment Function,01/05/2005,Null,N
Activity_Treatment_Function_Code,an3,01/11/2012,Null,Null,Treatment Function Code is a unique identifier for a Treatment Function. Treatment Function Code is recorded to report the specialised service within which the Patient is treated.,811,N,Interventional Radiology,Interventional Radiology: Diagnosis and treatment of diseases utilising minimally-invasive image-guided procedures. Not to be used for Diagnostic Imaging - see Treatment Function Code 812,01/05/2005,Null,N
Activity_Treatment_Function_Code,an3,01/11/2012,Null,Null,Treatment Function Code is a unique identifier for a Treatment Function. Treatment Function Code is recorded to report the specialised service within which the Patient is treated.,812,N,Diagnostic Imaging,"Diagnostic Imaging: The production and interpretation of high quality images of the body to diagnose injuries and disease, e.g. x-rays, Ultrasound Scan, MRI Scan, PET Scan or CT Scan.",01/10/2007,Null,N
Activity_Treatment_Function_Code,an3,01/11/2012,Null,Null,Treatment Function Code is a unique identifier for a Treatment Function. Treatment Function Code is recorded to report the specialised service within which the Patient is treated.,820,N,Not A Treatment Function,Not A Treatment Function,01/05/2005,Null,N
Activity_Treatment_Function_Code,an3,01/11/2012,Null,Null,Treatment Function Code is a unique identifier for a Treatment Function. Treatment Function Code is recorded to report the specialised service within which the Patient is treated.,821,N,Not A Treatment Function,Not A Treatment Function,01/05/2005,Null,N
Activity_Treatment_Function_Code,an3,01/11/2012,Null,Null,Treatment Function Code is a unique identifier for a Treatment Function. Treatment Function Code is recorded to report the specialised service within which the Patient is treated.,822,N,Chemical Pathology,Chemical Pathology: To be used for clinical management only,01/05/2005,Null,N
Activity_Treatment_Function_Code,an3,01/11/2012,Null,Null,Treatment Function Code is a unique identifier for a Treatment Function. Treatment Function Code is recorded to report the specialised service within which the Patient is treated.,823,N,Not A Treatment Function,Not A Treatment Function: See Clinical Haematology,01/05/2005,Null,N
Activity_Treatment_Function_Code,an3,01/11/2012,Null,Null,Treatment Function Code is a unique identifier for a Treatment Function. Treatment Function Code is recorded to report the specialised service within which the Patient is treated.,824,N,Not A Treatment Function,Not A Treatment Function,01/05/2005,Null,N
Activity_Treatment_Function_Code,an3,01/11/2012,Null,Null,Treatment Function Code is a unique identifier for a Treatment Function. Treatment Function Code is recorded to report the specialised service within which the Patient is treated.,830,N,Not A Treatment Function,Not A Treatment Function: See Clinical Immunology,01/05/2005,Null,N
Activity_Treatment_Function_Code,an3,01/11/2012,Null,Null,Treatment Function Code is a unique identifier for a Treatment Function. Treatment Function Code is recorded to report the specialised service within which the Patient is treated.,831,N,Not A Treatment Function,Not A Treatment Function: See Clinical Microbiology,01/05/2005,Null,N
Activity_Treatment_Function_Code,an3,01/11/2012,Null,Null,Treatment Function Code is a unique identifier for a Treatment Function. Treatment Function Code is recorded to report the specialised service within which the Patient is treated.,832 ,N,Retired,Retired,01/04/2001,Null,N
Activity_Treatment_Function_Code,an3,01/11/2012,Null,Null,Treatment Function Code is a unique identifier for a Treatment Function. Treatment Function Code is recorded to report the specialised service within which the Patient is treated.,834,N,Medical Virology,"Medical Virology: The diagnosis and management and prevention of virus and related infections, in hospital and in the community including HIV/AIDS, other blood-borne infections like hepatitis B and C and viruses such as SARS and avian flu",01/04/2011,Null,N
Activity_Treatment_Function_Code,an3,01/11/2012,Null,Null,Treatment Function Code is a unique identifier for a Treatment Function. Treatment Function Code is recorded to report the specialised service within which the Patient is treated.,840,N,Audiology,"Audiology: Physiological measurement and diagnosis of hearing disorders, and the rehabilitation of Patients with hearing loss",01/10/2007,Null,N
Activity_Treatment_Function_Code,an3,01/11/2012,Null,Null,Treatment Function Code is a unique identifier for a Treatment Function. Treatment Function Code is recorded to report the specialised service within which the Patient is treated.,900,N,Not A Treatment Function,Not A Treatment Function,01/05/2005,Null,N
Activity_Treatment_Function_Code,an3,01/11/2012,Null,Null,Treatment Function Code is a unique identifier for a Treatment Function. Treatment Function Code is recorded to report the specialised service within which the Patient is treated.,901,N,Not A Treatment Function,Not A Treatment Function,01/05/2005,Null,N
Activity_Treatment_Function_Code,an3,01/11/2012,Null,Null,Treatment Function Code is a unique identifier for a Treatment Function. Treatment Function Code is recorded to report the specialised service within which the Patient is treated.,920,N,Diabetic Education Service,Diabetic Education Service: Services providing dedicated small group education courses regarding self management for diabetic Patients,01/11/2012,Null,Y
Activity_Treatment_Function_Code,an3,01/11/2012,Null,Null,Treatment Function Code is a unique identifier for a Treatment Function. Treatment Function Code is recorded to report the specialised service within which the Patient is treated.,950,N,Not A Treatment Function,Not A Treatment Function: Use the appropriate function under which the Patient is treated,01/05/2005,Null,N
Activity_Treatment_Function_Code,an3,01/11/2012,Null,Null,Treatment Function Code is a unique identifier for a Treatment Function. Treatment Function Code is recorded to report the specialised service within which the Patient is treated.,960,N,Not A Treatment Function,Not A Treatment Function: Use the appropriate function under which the Patient is treated,01/04/2006,Null,N
Activity_Treatment_Function_Code,an3,01/11/2012,Null,Null,Treatment Function Code is a unique identifier for a Treatment Function. Treatment Function Code is recorded to report the specialised service within which the Patient is treated.,990 ,N,Retired,Retired,01/05/2005,Null,N
Activity_Treatment_Function_Code,an3,01/11/2012,Null,Null,Treatment Function Code is a unique identifier for a Treatment Function. Treatment Function Code is recorded to report the specialised service within which the Patient is treated.,199,Y,"Non-UK provider; specialty function not known, treatment mainly surgical","Non-UK provider; specialty function not known, treatment mainly surgical",01/04/2001,Null,Y
Activity_Treatment_Function_Code,an3,01/11/2012,Null,Null,Treatment Function Code is a unique identifier for a Treatment Function. Treatment Function Code is recorded to report the specialised service within which the Patient is treated.,499,Y,"Non-UK provider; specialty function not known, treatment mainly medical","Non-UK provider; specialty function not known, treatment mainly medical",01/04/2001,Null,Y
Diagnosis_Scheme_In_Use,an2,01/05/2005,Null,Null,Diagnosis Scheme In Use is used in the Clinical Information Group of the Commissioning Data Set to denote the code scheme basis of the Diagnosis.,01,N,Accident & Emergency Diagnosis,Accident & Emergency Diagnosis,01/05/2005,Null,N
Diagnosis_Scheme_In_Use,an2,01/05/2005,Null,Null,Diagnosis Scheme In Use is used in the Clinical Information Group of the Commissioning Data Set to denote the code scheme basis of the Diagnosis.,02,N,ICD-10,ICD-10,01/05/2005,Null,N
Diagnosis_Scheme_In_Use,an2,01/05/2005,Null,Null,Diagnosis Scheme In Use is used in the Clinical Information Group of the Commissioning Data Set to denote the code scheme basis of the Diagnosis.,03,N,Read Code 4Byte Version,Read Code 4Byte Version,01/05/2005,01/10/2009,N
Diagnosis_Scheme_In_Use,an2,01/05/2005,Null,Null,Diagnosis Scheme In Use is used in the Clinical Information Group of the Commissioning Data Set to denote the code scheme basis of the Diagnosis.,04,N,Read Code Version 2,Read Code Version 2,01/05/2005,Null,N
Diagnosis_Scheme_In_Use,an2,01/05/2005,Null,Null,Diagnosis Scheme In Use is used in the Clinical Information Group of the Commissioning Data Set to denote the code scheme basis of the Diagnosis.,05,N,Read Code Clinical Terms Version 3 (CTV3),Read Code Clinical Terms Version 3 (CTV3),01/05/2005,Null,N
Present_On_Admission_Indicator,an1,01/11/2012,Null,Null,An indication of whether a Patient Diagnosis was already present when the Patient started a Hospital Provider Spell.,Y,N,Patient Diagnosis already present,Patient Diagnosis already present,01/11/2012,Null,Y
Present_On_Admission_Indicator,an1,01/11/2012,Null,Null,An indication of whether a Patient Diagnosis was already present when the Patient started a Hospital Provider Spell.,N,N,Patient Diagnosis not already present,Patient Diagnosis not already present,01/11/2012,Null,Y
Present_On_Admission_Indicator,an1,01/11/2012,Null,Null,An indication of whether a Patient Diagnosis was already present when the Patient started a Hospital Provider Spell.,8,Y,Not applicable,Not applicable (indication of this Patient Diagnosis on admission not required nationally),01/11/2012,Null,Y
Present_On_Admission_Indicator,an1,01/11/2012,Null,Null,An indication of whether a Patient Diagnosis was already present when the Patient started a Hospital Provider Spell.,9,Y,Not known whether the Patient Diagnosis was present on admission,Not known whether the Patient Diagnosis was present on admission,01/11/2012,Null,Y
Administrative_Category_Code,an2,01/11/2012,Null,Null,The administrative category code of the patient.,01,N,NHS Patient,"NHS Patient, including Overseas Visitors charged under the National Health Service (Overseas Visitors Hospital Charging Regulations)",01/05/2005,Null,N
Administrative_Category_Code,an2,01/11/2012,Null,Null,The administrative category code of the patient.,02,N,Private Patient,"Private Patient, one who uses accommodation or services authorised under the National Health Service Act 2006",01/05/2005,Null,N
Administrative_Category_Code,an2,01/11/2012,Null,Null,The administrative category code of the patient.,03,N,Amenity Patient,"Amenity Patient, one who pays for the use of a single room or small ward in accordance with the National Health Service Act 2006",01/05/2005,Null,Y
Administrative_Category_Code,an2,01/11/2012,Null,Null,The administrative category code of the patient.,04,N,Category II Patient,"Category II Patient, one for whom work is undertaken by hospital medical or dental staff within category II as defined in paragraph 37 of the Terms and Conditions of Service of Hospital Medical and Dental Staff.",01/05/2005,Null,N
Administrative_Category_Code,an2,01/11/2012,Null,Null,The administrative category code of the patient.,98,Y,Not applicable,Not applicable,01/05/2005,Null,N
Administrative_Category_Code,an2,01/11/2012,Null,Null,The administrative category code of the patient.,99,Y,Not known,Not known: a validation error,01/05/2005,Null,N
Attended_Or_Did_Not_Attend_Code,an1,01/04/2011,Null,Null,An indication of whether an Appointment for a Care Contact took place.,5,N,"Attended on time or, if late, before the relevant Care Professional was ready to see the Patient","Attended on time or, if late, before the relevant Care Professional was ready to see the Patient",01/05/2005,Null,N
Attended_Or_Did_Not_Attend_Code,an1,01/04/2011,Null,Null,An indication of whether an Appointment for a Care Contact took place.,6,N,"Arrived late, after the relevant Care Professional was ready to see the Patient, but was seen","Arrived late, after the relevant Care Professional was ready to see the Patient, but was seen",01/05/2005,Null,N
Attended_Or_Did_Not_Attend_Code,an1,01/04/2011,Null,Null,An indication of whether an Appointment for a Care Contact took place.,7,N,Patient arrived late and could not be seen,Patient arrived late and could not be seen,01/05/2005,Null,N
Attended_Or_Did_Not_Attend_Code,an1,01/04/2011,Null,Null,An indication of whether an Appointment for a Care Contact took place.,2,N,"Appointment cancelled by, or on behalf of, the Patient","Appointment cancelled by, or on behalf of, the Patient",01/05/2005,Null,N
Attended_Or_Did_Not_Attend_Code,an1,01/04/2011,Null,Null,An indication of whether an Appointment for a Care Contact took place.,3,N,Did not attend - no advance warning given,Did not attend - no advance warning given,01/05/2005,Null,N
Attended_Or_Did_Not_Attend_Code,an1,01/04/2011,Null,Null,An indication of whether an Appointment for a Care Contact took place.,4,N,Appointment cancelled or postponed by the Health Care Provider,Appointment cancelled or postponed by the Health Care Provider,01/05/2005,Null,N
Attended_Or_Did_Not_Attend_Code,an1,01/04/2011,Null,Null,An indication of whether an Appointment for a Care Contact took place.,0,N,Not applicable - Appointment occurs in the future,Not applicable - Appointment occurs in the future,31/12/2007,Null,N
First_Attendance_Code,an1,01/11/2012,Null,Null,An indication of whether a Patient is making a first attendance or contact; or a follow-up attendance or contact and whether the Consultation Medium Used national code was 'Face to face communication' or 'Telephone' or 'Telemedicine web camera'.,1,N,First attendance face to face,First attendance face to face,01/05/2005,Null,N
First_Attendance_Code,an1,01/11/2012,Null,Null,An indication of whether a Patient is making a first attendance or contact; or a follow-up attendance or contact and whether the Consultation Medium Used national code was 'Face to face communication' or 'Telephone' or 'Telemedicine web camera'.,2,N,Follow-up attendance face to face,Follow-up attendance face to face,01/05/2005,Null,N
First_Attendance_Code,an1,01/11/2012,Null,Null,An indication of whether a Patient is making a first attendance or contact; or a follow-up attendance or contact and whether the Consultation Medium Used national code was 'Face to face communication' or 'Telephone' or 'Telemedicine web camera'.,3,N,First telephone or telemedicine consultation,First telephone or telemedicine consultation,01/05/2005,Null,N
First_Attendance_Code,an1,01/11/2012,Null,Null,An indication of whether a Patient is making a first attendance or contact; or a follow-up attendance or contact and whether the Consultation Medium Used national code was 'Face to face communication' or 'Telephone' or 'Telemedicine web camera'.,4,N,Follow-up telephone or telemedicine consultation,Follow-up telephone or telemedicine consultation,01/05/2005,Null,N
First_Attendance_Code,an1,01/11/2012,Null,Null,An indication of whether a Patient is making a first attendance or contact; or a follow-up attendance or contact and whether the Consultation Medium Used national code was 'Face to face communication' or 'Telephone' or 'Telemedicine web camera'.,5,N,Referral To Treatment Clock Stop Administrative Event,Referral To Treatment Clock Stop Administrative Event,01/12/2009,Null,Y
Medical_Staff_Type_Seeing_Patient,an2,01/05/2005,Null,Null,The type of Care Professional staff dealing with the Patient during an Out-patient Attendance Consultant or Nurse or Midwife Contact.,01,N,Consultant,Consultant,01/04/2001,01/04/2005,N
Medical_Staff_Type_Seeing_Patient,an2,01/05/2005,Null,Null,The type of Care Professional staff dealing with the Patient during an Out-patient Attendance Consultant or Nurse or Midwife Contact.,02,N,Member of Consultant firm,Member of Consultant firm,01/04/2001,01/04/2005,N
Medical_Staff_Type_Seeing_Patient,an2,01/05/2005,Null,Null,The type of Care Professional staff dealing with the Patient during an Out-patient Attendance Consultant or Nurse or Midwife Contact.,03,N,Lead Care Professional,Lead Care Professional,01/04/2005,Null,N
Medical_Staff_Type_Seeing_Patient,an2,01/05/2005,Null,Null,The type of Care Professional staff dealing with the Patient during an Out-patient Attendance Consultant or Nurse or Midwife Contact.,04,N,Member of Care Professional Team,Member of Care Professional Team,01/04/2005,Null,N
Medical_Staff_Type_Seeing_Patient,an2,01/05/2005,Null,Null,The type of Care Professional staff dealing with the Patient during an Out-patient Attendance Consultant or Nurse or Midwife Contact.,08,Y,Not applicable,Not applicable,01/05/2005,Null,N
Medical_Staff_Type_Seeing_Patient,an2,01/05/2005,Null,Null,The type of Care Professional staff dealing with the Patient during an Out-patient Attendance Consultant or Nurse or Midwife Contact.,09,Y,Not known,Not known,01/05/2005,Null,N
Operation_Status_Code,an1,01/11/2012,Null,Null,Operation Status Codes should be used once for each record to record states of knowledge regarding the operative procedure.,1,N,One or more Operative Procedure carried out,One or more Operative Procedure carried out,01/11/2012,Null,N
Operation_Status_Code,an1,01/11/2012,Null,Null,Operation Status Codes should be used once for each record to record states of knowledge regarding the operative procedure.,8,N,Not applicable,Not applicable i.e. no Operative Procedures performed or intended,01/11/2012,Null,N
Operation_Status_Code,an1,01/11/2012,Null,Null,Operation Status Codes should be used once for each record to record states of knowledge regarding the operative procedure.,9,N,Not known,Not known i.e. finished episode/Out-patient attendance but no data entered or the episode is unfinished and no data needs to be present. This would be a validation error only for a finished episode,01/11/2012,Null,N
Outcome_Of_Attendance_Code,an1,01/11/2012,Null,Null,This records the outcome of an Out-patient Attendance Consultant.,1,N,Discharged from Consultant's Care (last attendance),Discharged from Consultant's Care (last attendance),01/05/2005,Null,N
Outcome_Of_Attendance_Code,an1,01/11/2012,Null,Null,This records the outcome of an Out-patient Attendance Consultant.,2,N,Another Appointment given,Another Appointment given,01/05/2005,Null,N
Outcome_Of_Attendance_Code,an1,01/11/2012,Null,Null,This records the outcome of an Out-patient Attendance Consultant.,3,N,Appointment to be made at a later date,Appointment to be made at a later date,01/05/2005,Null,N
Age_At_CDS_Activity_Date,n3,01/10/2007,Null,Null,Age At CDS Activity Date is derived as the number of completed years between the Person Birth Date of the Patient and the CDS Activity Date.,999,Y,Not known,Not known i.e. date of birth not known and age cannot be estimated,01/10/2007,Null,N
Overseas_Visitor_Status_Classification_At_CDS_Activity_Date,an1,01/11/2012,Null,Null,A classification of Overseas Visitor Status.,1,N,Exempt from payment - subject to Reciprocal Healthcare Agreement,Exempt from payment - subject to Reciprocal Healthcare Agreement,01/05/2005,Null,N
Overseas_Visitor_Status_Classification_At_CDS_Activity_Date,an1,01/11/2012,Null,Null,A classification of Overseas Visitor Status.,2,N,Exempt from payment - other,Exempt from payment - other,01/05/2005,Null,N
Overseas_Visitor_Status_Classification_At_CDS_Activity_Date,an1,01/11/2012,Null,Null,A classification of Overseas Visitor Status.,3,N,To pay hotel fees only,To pay hotel fees only,01/05/2005,Null,N
Overseas_Visitor_Status_Classification_At_CDS_Activity_Date,an1,01/11/2012,Null,Null,A classification of Overseas Visitor Status.,4,N,To pay all fees,To pay all fees,01/05/2005,Null,N
Overseas_Visitor_Status_Classification_At_CDS_Activity_Date,an1,01/11/2012,Null,Null,A classification of Overseas Visitor Status.,8,Y,Not applicable (not an Overseas Visitor),Not applicable (not an Overseas Visitor),01/05/2005,Null,N
Overseas_Visitor_Status_Classification_At_CDS_Activity_Date,an1,01/11/2012,Null,Null,A classification of Overseas Visitor Status.,9,Y,Charging rate not known,Charging rate not known,01/05/2005,Null,N
Consultation_Medium_Used,an2,01/04/2011,Null,Null,"Consultation Medium Used identifies the communication mechanism used to relay information between the Care Professional and the Person who is the subject of the consultation, during a Care Activity.",01,N,Face to face communication,Face to face communication,01/05/2005,Null,N
Consultation_Medium_Used,an2,01/04/2011,Null,Null,"Consultation Medium Used identifies the communication mechanism used to relay information between the Care Professional and the Person who is the subject of the consultation, during a Care Activity.",02,N,Telephone,Telephone,01/05/2005,Null,N
Consultation_Medium_Used,an2,01/04/2011,Null,Null,"Consultation Medium Used identifies the communication mechanism used to relay information between the Care Professional and the Person who is the subject of the consultation, during a Care Activity.",03,N,Telemedicine web camera,Telemedicine web camera,01/05/2005,Null,N
Consultation_Medium_Used,an2,01/04/2011,Null,Null,"Consultation Medium Used identifies the communication mechanism used to relay information between the Care Professional and the Person who is the subject of the consultation, during a Care Activity.",04,N,Talk type for a Person unable to speak,Talk type for a Person unable to speak,01/05/2005,Null,N
Multi-Professional_Or_Multi-Disciplinary_Indication_Code_(Payment_By_Results),an1,01/11/2012,Null,Null,"An indication of whether a Patient was seen by a single or multiple Care Professionals during an Clinic Attendance Consultant or Clinic Attendance Non-Consultant, recorded for the purposes of Payment by Results.",1,N,Uni-Professional clinic attendance,Uni-Professional clinic attendance,01/11/2012,Null,Y
Multi-Professional_Or_Multi-Disciplinary_Indication_Code_(Payment_By_Results),an1,01/11/2012,Null,Null,"An indication of whether a Patient was seen by a single or multiple Care Professionals during an Clinic Attendance Consultant or Clinic Attendance Non-Consultant, recorded for the purposes of Payment by Results.",2,N,Multi-Professional Consultation (Payment By Results) clinic attendance,Multi-Professional Consultation (Payment By Results) clinic attendance,01/11/2012,Null,Y
Multi-Professional_Or_Multi-Disciplinary_Indication_Code_(Payment_By_Results),an1,01/11/2012,Null,Null,"An indication of whether a Patient was seen by a single or multiple Care Professionals during an Clinic Attendance Consultant or Clinic Attendance Non-Consultant, recorded for the purposes of Payment by Results.",3,N,Multi-Disciplinary Consultation (Payment By Results) clinic attendance,Multi-Disciplinary Consultation (Payment By Results) clinic attendance,01/11/2012,Null,Y
Multi-Professional_Or_Multi-Disciplinary_Indication_Code_(Payment_By_Results),an1,01/11/2012,Null,Null,"An indication of whether a Patient was seen by a single or multiple Care Professionals during an Clinic Attendance Consultant or Clinic Attendance Non-Consultant, recorded for the purposes of Payment by Results.",9,Y,"Not known whether attendance was uni-professional, multi-professional or multi-disciplinary","Not known whether attendance was uni-professional, multi-professional or multi-disciplinary",01/11/2012,Null,Y
Rehabilitation_Assessment_Team_Type,an1,01/11/2012,Null,Null,"An indication of whether a Patient was seen by a single or multiple Care Professionals during an Clinic Attendance Consultant or Clinic Attendance Non-Consultant, recorded for the purposes of Payment by Results.",1,N,Specialised Rehabilitation Team,Specialised Rehabilitation Team,01/11/2012,Null,Y
Rehabilitation_Assessment_Team_Type,an1,01/11/2012,Null,Null,"An indication of whether a Patient was seen by a single or multiple Care Professionals during an Clinic Attendance Consultant or Clinic Attendance Non-Consultant, recorded for the purposes of Payment by Results.",2,N,Non-specialised Rehabilitation Team,Non-specialised Rehabilitation Team,01/11/2012,Null,Y
Rehabilitation_Assessment_Team_Type,an1,01/11/2012,Null,Null,"An indication of whether a Patient was seen by a single or multiple Care Professionals during an Clinic Attendance Consultant or Clinic Attendance Non-Consultant, recorded for the purposes of Payment by Results.",8,Y,Not applicable - Activity is not Rehabilitation Assessment,Not applicable - Activity is not Rehabilitation Assessment,01/11/2012,Null,Y
Rehabilitation_Assessment_Team_Type,an1,01/11/2012,Null,Null,"An indication of whether a Patient was seen by a single or multiple Care Professionals during an Clinic Attendance Consultant or Clinic Attendance Non-Consultant, recorded for the purposes of Payment by Results.",9,Y,Rehabilitation Assessment Team Type not known,Rehabilitation Assessment Team Type not known,01/11/2012,Null,Y
Professional_Registration_Issuer_Code,an2,01/11/2012,Null,Null,A code which identifies the Professional Registration Body or Representative Body.,02,N,General Dental Council,General Dental Council,01/11/2012,Null,N
Professional_Registration_Issuer_Code,an2,01/11/2012,Null,Null,A code which identifies the Professional Registration Body or Representative Body.,03,N,General Medical Council,General Medical Council,01/11/2012,Null,N
Professional_Registration_Issuer_Code,an2,01/11/2012,Null,Null,A code which identifies the Professional Registration Body or Representative Body.,08,N,Health and Care Professions Council,Health and Care Professions Council,01/11/2012,Null,N
Professional_Registration_Issuer_Code,an2,01/11/2012,Null,Null,A code which identifies the Professional Registration Body or Representative Body.,09,N,Nursing and Midwifery Council,Nursing and Midwifery Council,01/11/2012,Null,N
Location_Class,an2,01/05/2005,Null,Null,Location Class is a classification for use within Commissioning Data Set messages of the physical location within which the recorded Patient event occurs.,01,N,Health Site (General Occurrence),Health Site (General Occurrence),01/05/2005,Null,N
Location_Class,an2,01/05/2005,Null,Null,Location Class is a classification for use within Commissioning Data Set messages of the physical location within which the recorded Patient event occurs.,02,N,Home,Home,01/05/2005,Null,N
Location_Class,an2,01/05/2005,Null,Null,Location Class is a classification for use within Commissioning Data Set messages of the physical location within which the recorded Patient event occurs.,03,N,Delivery Place,Delivery Place,01/05/2005,Null,N
Location_Class,an2,01/05/2005,Null,Null,Location Class is a classification for use within Commissioning Data Set messages of the physical location within which the recorded Patient event occurs.,04,N,Health site at the start of Health Care Activity,Health site at the start of Health Care Activity,01/05/2005,Null,N
Location_Class,an2,01/05/2005,Null,Null,Location Class is a classification for use within Commissioning Data Set messages of the physical location within which the recorded Patient event occurs.,05,N,Health site at the end of Health Care Activity,Health site at the end of Health Care Activity,01/05/2005,Null,N
Activity_Location_Type_Code,an3,01/04/2011,Null,Null,The type of Location for an Activity.,A01,N,Patient's Home,Patient's Home,01/04/2011,Null,Y
Activity_Location_Type_Code,an3,01/04/2011,Null,Null,The type of Location for an Activity.,A02,N,Carer's Home,Carer's Home,01/04/2011,Null,Y
Activity_Location_Type_Code,an3,01/04/2011,Null,Null,The type of Location for an Activity.,A03,N,Patient's Workplace,Patient's Workplace,01/04/2011,Null,Y
Activity_Location_Type_Code,an3,01/04/2011,Null,Null,The type of Location for an Activity.,A04,N,Other Patient Related Location,Other Patient Related Location: E.g. temporary address,01/04/2011,Null,Y
Activity_Location_Type_Code,an3,01/04/2011,Null,Null,The type of Location for an Activity.,B01,N,Primary Care Health Centre,"Primary Care Health Centre: Primary Care Health Centre with or without GP Practice(s) based in it, providing community-based healthcare services such as podiatry, community dentistry, ophthalmology, minor injuries nursing etc, Sexual and Reproductive Health Service, health promotion etc, and sometimes hosting outreach services from NHS Trusts",01/04/2011,Null,Y
Activity_Location_Type_Code,an3,01/04/2011,Null,Null,The type of Location for an Activity.,B02,N,Polyclinic,"Polyclinic: Provide similar services to Primary Care Health Centre but also additional services such as diagnostics, minor procedures, Out-patient Appointments, urgent Care etc. and also co-located services with Local Authority Social Care.  May also provide extended/out of hours services.",01/04/2011,Null,Y
Activity_Location_Type_Code,an3,01/04/2011,Null,Null,The type of Location for an Activity.,C01,N,General Medical Practitioner Practice,"General Medical Practitioner Practice: Stand-alone GP Practice premises, not part of a Primary Care Health Centre",01/04/2011,Null,Y
Activity_Location_Type_Code,an3,01/04/2011,Null,Null,The type of Location for an Activity.,C02,N,Dental Practice,"Dental Practice: Stand-alone GP Practice premises, not part of a Primary Care Health Centre",01/04/2011,Null,Y
Activity_Location_Type_Code,an3,01/04/2011,Null,Null,The type of Location for an Activity.,C03,N,Ophthalmic Medical Practioner Premises,Ophthalmic Medical Practioner Premises,01/04/2011,Null,Y
Activity_Location_Type_Code,an3,01/04/2011,Null,Null,The type of Location for an Activity.,D01,N,Walk In Centre,"Walk In Centre: May be NHS General Practitioner Led, Nurse-led, or provided by private company.  May be sited in different areas – Primary Care Trust premises, on hospital sites, in retail premises etc",01/04/2011,Null,Y
Activity_Location_Type_Code,an3,01/04/2011,Null,Null,The type of Location for an Activity.,D02,N,Out of Hours Centre,"Out of Hours Centre: May be NHS General Practitioner-Led, NURSE-led, or provided by private company.  May be sited in different areas – Primary Care Trust premises, on hospital sites, in retail premises etc",01/04/2011,Null,Y
Activity_Location_Type_Code,an3,01/04/2011,Null,Null,The type of Location for an Activity.,D03,N,Emergency Community Dental Service,Emergency Community Dental Service: Run by Community Dental Services not General Dental Practitioners,01/04/2011,Null,Y
Activity_Location_Type_Code,an3,01/04/2011,Null,Null,The type of Location for an Activity.,E01,N,Out-patient Clinic,Out-patient Clinic,01/04/2011,Null,Y
Activity_Location_Type_Code,an3,01/04/2011,Null,Null,The type of Location for an Activity.,E02,N,Ward,Ward,01/04/2011,Null,Y
Activity_Location_Type_Code,an3,01/04/2011,Null,Null,The type of Location for an Activity.,E03,N,Day Hospital,Day Hospital,01/04/2011,Null,Y
Activity_Location_Type_Code,an3,01/04/2011,Null,Null,The type of Location for an Activity.,E04,N,Accident and Emergency or Minor Injuries Department,Accident and Emergency or Minor Injuries Department,01/04/2011,Null,Y
Activity_Location_Type_Code,an3,01/04/2011,Null,Null,The type of Location for an Activity.,E99,N,Other Departments,"Other Departments: E.g. Pathology Laboratories, physiotherapy, diagnostic imaging, Occupational Therapy, Pharmacy Premises etc",01/04/2011,Null,Y
Activity_Location_Type_Code,an3,01/04/2011,Null,Null,The type of Location for an Activity.,F01,N,Hospice,Hospice,01/04/2011,Null,Y
Activity_Location_Type_Code,an3,01/04/2011,Null,Null,The type of Location for an Activity.,G01,N,Residential Care Home,Residential Care Home,01/04/2011,Null,Y
Activity_Location_Type_Code,an3,01/04/2011,Null,Null,The type of Location for an Activity.,G02,N,Nursing Home,Nursing Home: See appropriate section of Care Home,01/04/2011,Null,Y
Activity_Location_Type_Code,an3,01/04/2011,Null,Null,The type of Location for an Activity.,G03,N,Children's Home,Children's Home,01/04/2011,Null,Y
Activity_Location_Type_Code,an3,01/04/2011,Null,Null,The type of Location for an Activity.,H01,N,Day Centre,"Day Centre: Facilities operated by the NHS, Social Services or private or voluntary bodies, providing day Care and respite Care for elderly or disabled people",01/04/2011,Null,Y
Activity_Location_Type_Code,an3,01/04/2011,Null,Null,The type of Location for an Activity.,J01,N,Resource Centre,Resource Centre: Premises where information and support for Patients and their families/Carers is provided.,01/04/2011,Null,Y
Activity_Location_Type_Code,an3,01/04/2011,Null,Null,The type of Location for an Activity.,K01,N,Sure Start Children’s Centre,"Sure Start Children’s Centre: Children’s centres are service hubs where children under five years old and their families can receive seamless integrated services and information. Services vary according to centre but may include: Integrated early education and Childcare; Support for parents including advice on parenting, local Childcare options and access to specialist services for families; Child and family health services; Helping parents into work",01/04/2011,Null,Y
Activity_Location_Type_Code,an3,01/04/2011,Null,Null,The type of Location for an Activity.,K02,N,Child Development Centre,Child Development Centre,01/04/2011,Null,Y
Activity_Location_Type_Code,an3,01/04/2011,Null,Null,The type of Location for an Activity.,L01,N,School,"School: Including Extended Services, where provided on School premises (where provided off School premises, use other appropriate location)",01/04/2011,Null,Y
Activity_Location_Type_Code,an3,01/04/2011,Null,Null,The type of Location for an Activity.,L02,N,Further Education College,Further Education College,01/04/2011,Null,Y
Activity_Location_Type_Code,an3,01/04/2011,Null,Null,The type of Location for an Activity.,L03,N,University,University,01/04/2011,Null,Y
Activity_Location_Type_Code,an3,01/04/2011,Null,Null,The type of Location for an Activity.,L04,N,Nursery Premises,Nursery Premises: Pre-school Nurseries attached to Schools would be classed as Schools in their own right,01/04/2011,Null,Y
Activity_Location_Type_Code,an3,01/04/2011,Null,Null,The type of Location for an Activity.,L05,N,Other Childcare Premises,Other Childcare Premises: E.g. Childminder,01/04/2011,Null,Y
Activity_Location_Type_Code,an3,01/04/2011,Null,Null,The type of Location for an Activity.,L06,N,Training Establishments,Training Establishments,01/04/2011,Null,Y
Activity_Location_Type_Code,an3,01/04/2011,Null,Null,The type of Location for an Activity.,L99,N,Other Educational Premises,"Other Educational Premises: Such as Teenage Pregnancy Units, School Preparation Units (for toddlers), Pupil Referral Units (excluded older children and young people), units providing specialist education e.g. deaf children, autistic children etc",01/04/2011,Null,Y
Activity_Location_Type_Code,an3,01/04/2011,Null,Null,The type of Location for an Activity.,M01,N,Prison,Prison,01/04/2011,Null,Y
Activity_Location_Type_Code,an3,01/04/2011,Null,Null,The type of Location for an Activity.,M02,N,Probation Service Premises,Probation Service Premises,01/04/2011,Null,Y
Activity_Location_Type_Code,an3,01/04/2011,Null,Null,The type of Location for an Activity.,M03,N,Police Station,Police Station,01/04/2011,Null,Y
Activity_Location_Type_Code,an3,01/04/2011,Null,Null,The type of Location for an Activity.,M04,N,Young Offenders Institution,Young Offenders Institution,01/04/2011,Null,Y
Activity_Location_Type_Code,an3,01/04/2011,Null,Null,The type of Location for an Activity.,M05,N,Immigration Centre,Immigration Centre,01/04/2011,Null,Y
Activity_Location_Type_Code,an3,01/04/2011,Null,Null,The type of Location for an Activity.,N01,N,Street or other public open space,"Street or other public open space: Public areas such as streets, parks, outdoor sports facilities etc",01/04/2011,Null,Y
Activity_Location_Type_Code,an3,01/04/2011,Null,Null,The type of Location for an Activity.,N02,N,Other publicly accessible area or building,"Other publicly accessible area or building: Publicly accessible premises such as Youth Centres, supermarkets, shops and other retail locations such as shopping centres, community facilities such as libraries, church halls, community centres etc",01/04/2011,Null,Y
Activity_Location_Type_Code,an3,01/04/2011,Null,Null,The type of Location for an Activity.,N03,N,Voluntary or charitable agency premises,Voluntary or charitable agency premises,01/04/2011,Null,Y
Activity_Location_Type_Code,an3,01/04/2011,Null,Null,The type of Location for an Activity.,N04,N,Dispensing Optician Premises,Dispensing Optician Premises,01/04/2011,Null,Y
Activity_Location_Type_Code,an3,01/04/2011,Null,Null,The type of Location for an Activity.,N05,N,Dispensing Pharmacy Premises,Dispensing Pharmacy Premises: Where it is not on a Hospital Site,01/04/2011,Null,Y
Activity_Location_Type_Code,an3,01/04/2011,Null,Null,The type of Location for an Activity.,X01,N,Other locations not elsewhere classified,Other locations not elsewhere classified,01/04/2011,Null,Y
General_Medical_Practitioner_(Specified),an8,01/05/2005,Null,Null,General Medical Practitioner (Specified) is the General Medical Practitioner PPD Code of the General Medical Practitioner specified by the Patient.,G9999998,Y,General Medical Practitioner PPD Code not known,General Medical Practitioner PPD Code not known,01/05/2005,Null,Y
General_Medical_Practitioner_(Specified),an8,01/05/2005,Null,Null,General Medical Practitioner (Specified) is the General Medical Practitioner PPD Code of the General Medical Practitioner specified by the Patient.,G9999981,Y,General Medical Practitioner PPD Code not applicable,General Medical Practitioner PPD Code not applicable,01/05/2005,Null,Y
General_Medical_Practice_Code_(Patient_Registration),an6,01/06/2008,Null,Code of GP Practice (Registered GMP),General Medical Practice Code (Patient Registration) is the Organisation Code of the GP Practice that the Patient is registered with.,V81997,Y,No Registered GP Practice,No Registered GP Practice,01/06/2008,Null,Y
General_Medical_Practice_Code_(Patient_Registration),an6,01/06/2008,Null,Code of GP Practice (Registered GMP),General Medical Practice Code (Patient Registration) is the Organisation Code of the GP Practice that the Patient is registered with.,V81998,Y,GP Practice Code not applicable,GP Practice Code not applicable,01/05/2007,Null,Y
General_Medical_Practice_Code_(Patient_Registration),an6,01/06/2008,Null,Code of GP Practice (Registered GMP),General Medical Practice Code (Patient Registration) is the Organisation Code of the GP Practice that the Patient is registered with.,V81999,Y,GP Practice Code not known,GP Practice Code not known,01/05/2007,Null,Y
Priority_Type_Code,an1,01/04/2012,Null,Null,"The priority of a request for Services; in the case of Services to be provided by a Consultant, it is as assessed by or on behalf of the Consultant.",1,N,Routine,Routine,01/05/2005,Null,N
Priority_Type_Code,an1,01/04/2012,Null,Null,"The priority of a request for Services; in the case of Services to be provided by a Consultant, it is as assessed by or on behalf of the Consultant.",2,N,Urgent,Urgent,01/05/2005,Null,Y
Priority_Type_Code,an1,01/04/2012,Null,Null,"The priority of a request for Services; in the case of Services to be provided by a Consultant, it is as assessed by or on behalf of the Consultant.",3,N,Two Week Wait,Two Week Wait,01/04/2007,Null,Y
Service_Type_Requested_Code,an1,01/11/2012,Null,Null,The terms of reference for the Referral Request.,1,N,Advice/consultation,Advice/consultation,01/05/2005,Null,N
Service_Type_Requested_Code,an1,01/11/2012,Null,Null,The terms of reference for the Referral Request.,2,N,Specific procedure,Specific procedure,01/05/2005,Null,N
Service_Type_Requested_Code,an1,01/11/2012,Null,Null,The terms of reference for the Referral Request.,3,N,Other,Other,01/05/2005,Null,N
Source_Of_Referral_For_Out-patients,an2,01/05/2005,Null,Null,The source of referral of each Consultant Out-patient Episode.,01,N,Initiated by the Consultant responsible for the Consultant Out-patient Episode: following an emergency admission,Initiated by the Consultant responsible for the Consultant Out-patient Episode: following an emergency admission,01/05/2005,Null,N
Source_Of_Referral_For_Out-patients,an2,01/05/2005,Null,Null,The source of referral of each Consultant Out-patient Episode.,02,N,Initiated by the Consultant responsible for the Consultant Out-patient Episode: following a Domiciliary Consultation,Initiated by the Consultant responsible for the Consultant Out-patient Episode: following a Domiciliary Consultation,01/05/2005,Null,N
Source_Of_Referral_For_Out-patients,an2,01/05/2005,Null,Null,The source of referral of each Consultant Out-patient Episode.,10,N,Initiated by the Consultant responsible for the Consultant Out-patient Episode: following an Accident and Emergency Attendance (including Minor Injuries Units and Walk In Centres),Initiated by the Consultant responsible for the Consultant Out-patient Episode: following an Accident and Emergency Attendance (including Minor Injuries Units and Walk In Centres),01/05/2005,Null,N
Source_Of_Referral_For_Out-patients,an2,01/05/2005,Null,Null,The source of referral of each Consultant Out-patient Episode.,11,N,Initiated by the Consultant responsible for the Consultant Out-patient Episode: other - initiated by the Consultant responsible for the Consultant Out-patient Episode,Initiated by the Consultant responsible for the Consultant Out-patient Episode: other - initiated by the Consultant responsible for the Consultant Out-patient Episode,01/05/2005,Null,N
Source_Of_Referral_For_Out-patients,an2,01/05/2005,Null,Null,The source of referral of each Consultant Out-patient Episode.,03,N,Not initiated by the Consultant responsible for the Consultant Out-patient Episode: referral from a General Medical Practitioner,Not initiated by the Consultant responsible for the Consultant Out-patient Episode: referral from a General Medical Practitioner,01/05/2005,Null,Y
Source_Of_Referral_For_Out-patients,an2,01/05/2005,Null,Null,The source of referral of each Consultant Out-patient Episode.,92,N,Not initiated by the Consultant responsible for the Consultant Out-patient Episode: referral from a General Dental Practioner,Not initiated by the Consultant responsible for the Consultant Out-patient Episode: referral from a General Dental Practioner,01/05/2005,Null,Y
Source_Of_Referral_For_Out-patients,an2,01/05/2005,Null,Null,The source of referral of each Consultant Out-patient Episode.,12,N,Not initiated by the Consultant responsible for the Consultant Out-patient Episode: referral from a General Practitioner with a Special Interest (GPwSI) or Dentist with a Special Interest (DwSI),Not initiated by the Consultant responsible for the Consultant Out-patient Episode: referral from a General Practitioner with a Special Interest (GPwSI) or Dentist with a Special Interest (DwSI),01/10/2007,Null,Y
Source_Of_Referral_For_Out-patients,an2,01/05/2005,Null,Null,The source of referral of each Consultant Out-patient Episode.,04,N,Not initiated by the Consultant responsible for the Consultant Out-patient Episode: referral from an Accident and Emergency Department (including Minor Injuries Units and Walk In Centres),Not initiated by the Consultant responsible for the Consultant Out-patient Episode: referral from an Accident and Emergency Department (including Minor Injuries Units and Walk In Centres),01/05/2005,Null,N
Source_Of_Referral_For_Out-patients,an2,01/05/2005,Null,Null,The source of referral of each Consultant Out-patient Episode.,05,N,"Not initiated by the Consultant responsible for the Consultant Out-patient Episode: referral from a Consultant, other than in an Accident and Emergency Department","Not initiated by the Consultant responsible for the Consultant Out-patient Episode: referral from a Consultant, other than in an Accident and Emergency Department",01/05/2005,Null,N
Source_Of_Referral_For_Out-patients,an2,01/05/2005,Null,Null,The source of referral of each Consultant Out-patient Episode.,06,N,Not initiated by the Consultant responsible for the Consultant Out-patient Episode: self-referral,Not initiated by the Consultant responsible for the Consultant Out-patient Episode: self-referral,01/05/2005,Null,N
Source_Of_Referral_For_Out-patients,an2,01/05/2005,Null,Null,The source of referral of each Consultant Out-patient Episode.,07,N,Not initiated by the Consultant responsible for the Consultant Out-patient Episode: referral from a Prosthetist,Not initiated by the Consultant responsible for the Consultant Out-patient Episode: referral from a Prosthetist,01/05/2005,Null,N
Source_Of_Referral_For_Out-patients,an2,01/05/2005,Null,Null,The source of referral of each Consultant Out-patient Episode.,13,N,Not initiated by the Consultant responsible for the Consultant Out-patient Episode: referral from a Specialist Nurse (Secondary Care),Not initiated by the Consultant responsible for the Consultant Out-patient Episode: referral from a Specialist Nurse (Secondary Care),01/10/2007,Null,Y
Source_Of_Referral_For_Out-patients,an2,01/05/2005,Null,Null,The source of referral of each Consultant Out-patient Episode.,14,N,Not initiated by the Consultant responsible for the Consultant Out-patient Episode: referral from an Allied Health Professional,Not initiated by the Consultant responsible for the Consultant Out-patient Episode: referral from an Allied Health Professional,01/10/2007,Null,N
Source_Of_Referral_For_Out-patients,an2,01/05/2005,Null,Null,The source of referral of each Consultant Out-patient Episode.,15,N,Not initiated by the Consultant responsible for the Consultant Out-patient Episode: referral from an Optometrist,Not initiated by the Consultant responsible for the Consultant Out-patient Episode: referral from an Optometrist,01/10/2007,Null,N
Source_Of_Referral_For_Out-patients,an2,01/05/2005,Null,Null,The source of referral of each Consultant Out-patient Episode.,16,N,Not initiated by the Consultant responsible for the Consultant Out-patient Episode: referral from an Orthoptist,Not initiated by the Consultant responsible for the Consultant Out-patient Episode: referral from an Orthoptist,01/10/2007,Null,N
Source_Of_Referral_For_Out-patients,an2,01/05/2005,Null,Null,The source of referral of each Consultant Out-patient Episode.,17,N,Not initiated by the Consultant responsible for the Consultant Out-patient Episode: referral from a National Screening Programme,Not initiated by the Consultant responsible for the Consultant Out-patient Episode: referral from a National Screening Programme,01/10/2007,Null,N
Source_Of_Referral_For_Out-patients,an2,01/05/2005,Null,Null,The source of referral of each Consultant Out-patient Episode.,93,N,Not initiated by the Consultant responsible for the Consultant Out-patient Episode: referral from a Community Dental Service,Not initiated by the Consultant responsible for the Consultant Out-patient Episode: referral from a Community Dental Service,01/05/2005,Null,N
Source_Of_Referral_For_Out-patients,an2,01/05/2005,Null,Null,The source of referral of each Consultant Out-patient Episode.,97,N,Not initiated by the Consultant responsible for the Consultant Out-patient Episode: other - not initiated by the Consultant responsible for the Consultant Out-patient Episode,Not initiated by the Consultant responsible for the Consultant Out-patient Episode: other - not initiated by the Consultant responsible for the Consultant Out-patient Episode,01/10/2007,Null,N
Direct_Access_Referral_Indicator,an1,01/11/2012,Null,Null,An indication of whether a Patient was referred to a Direct Access Service.,Y,N,Referred to a Direct Access Service,Referred to a Direct Access Service,01/11/2012,Null,N
Direct_Access_Referral_Indicator,an1,01/11/2012,Null,Null,An indication of whether a Patient was referred to a Direct Access Service.,N,N,Not referred to a Direct Access Service,Not referred to a Direct Access Service,01/11/2012,Null,N
Direct_Access_Referral_Indicator,an1,01/11/2012,Null,Null,An indication of whether a Patient was referred to a Direct Access Service.,9,Y,Not known whether the Patient was referred to a Direct Access Service,Not known whether the Patient was referred to a Direct Access Service,01/11/2012,Null,N
Referrer_Code,an8,01/05/2005,Null,Null,Referrer Code is the code of the Person making the Referral Request.,A9999998,Y,Ministry of Defence Doctor,Ministry of Defence Doctor,31/10/2006,Null,N
Referrer_Code,an8,01/05/2005,Null,Null,Referrer Code is the code of the Person making the Referral Request.,C9999998,Y,Consultant General Medical Council Reference Number not known,Consultant General Medical Council Reference Number not known,01/05/2005,Null,Y
Referrer_Code,an8,01/05/2005,Null,Null,Referrer Code is the code of the Person making the Referral Request.,CD999998,Y,Dental Consultant: General Medical Council Reference Number / General Dental Council Registration Number not known,Dental Consultant: General Medical Council Reference Number / General Dental Council Registration Number not known,01/05/2007,Null,N
Referrer_Code,an8,01/05/2005,Null,Null,Referrer Code is the code of the Person making the Referral Request.,D9999998,Y,"Dentist, General Dental Practitioner Code not known","Dentist, General Dental Practitioner Code not known",31/10/2006,Null,N
Referrer_Code,an8,01/05/2005,Null,Null,Referrer Code is the code of the Person making the Referral Request.,R9999981,Y,"Referrer other than General Medical Practioner, General Dental Practitioner or Consultant","Referrer other than General Medical Practioner, General Dental Practitioner or Consultant",01/05/2005,Null,N
Referrer_Code,an8,01/05/2005,Null,Null,Referrer Code is the code of the Person making the Referral Request.,X9999998,Y,"Not applicable, e.g. Patient has self-presented or not known","Not applicable, e.g. Patient has self-presented or not known",01/05/2005,Null,N
Referring_Organisation_Code,max an6,01/05/2005,Null,Null,Referring Organisation Code is the Organisation Code of the Organisation from which the referral is made.,X99998,Y,Referring Organisation Code not applicable,Referring Organisation Code not applicable,01/05/2005,Null,N
Referring_Organisation_Code,max an6,01/05/2005,Null,Null,Referring Organisation Code is the Organisation Code of the Organisation from which the referral is made.,X99999,Y,Referring Organisation Code not known,Referring Organisation Code not known,01/05/2005,Null,N
